id,handle,title,published,body_html_uk,body_html_en
bcb4a9c6-dcfd-4924-8206-7a2a4f8caacf,baska-linea,Баска Linea,true,"<p><span>Баска виступає виразним декоративним елементом.</span></p>
<p><span>Виконана з поєднання сітки з мереживом «маки» та щільної білої тканини, вона формує графічний контур і динамічні клини, що подовжують силует. <br></span><span>Зав’язується ззаду на оксамитову зав’язку, регулюючи посадку.<span class=""Apple-converted-space""> </span></span></p>
<p><span>Баска є самостійним елементом, який легко інтегрується в інші образи.</span></p>","<p><span>The basque serves as a striking decorative element.</span></p>
<p><span>Crafted from a combination of mesh with ""poppy"" lace and dense white fabric, it forms a graphic contour and dynamic wedges that elongate the silhouette. <br></span><span>It ties at the back with a velvet ribbon, allowing for an adjustable fit.<span class=""Apple-converted-space""> </span></span></p>
<p><span>The basque is a standalone piece that effortlessly integrates into other looks.</span></p>"
ee4d67cb-6d70-4804-882f-1ddd7df51376,manizhka-noir-grapevine,Маніжка Noir Grapevine,true,"<p><span>Розкішна вишита маніжка, оздоблена вручну срібно-золотавим бісером і камінням, у вигляді витончені лози та виноградних грон, що мерехтять на темному тлі.</span></p>
<p><span>Декорована преміальним мереживом.</span></p>","<p><span>A luxurious embroidered detachable collar, embellished by hand with silver-gold beads and stones, forming graceful vines and shimmering grape clusters against a dark background.</span></p>
<p><span>Decorated with premium lace.</span></p>"
b3df053a-a80c-41dc-880b-1d14a7ce3f83,suknya-skarlet,Сукня Skarlet,true,"<p><span>Витончена сукня складної конструкції, що поєднує в собі архітектурність форми та художню виразність деталей. </span></p>
<p><span>Верхня частина виконана у вигляді корсетної основи з оксамиту. <br></span><span>Серцеподібна лінія декольте м’яко підкреслює зону грудей, формуючи жіночний силует. <br></span>Корсет має внутрішню конструкцію з кісточками, що фіксують форму та акцентують талію, створюючи витончені пропорції. <br><span>Посадка ідеально вивірена — виріб щільно прилягає до фігури, підкреслюючи її природну пластику. <br><br></span>Нижня частина сукні виконана з напівпрозорої органзи з легким матовим відблиском. <br><span>Спідниця розширюється донизу, утворюючи м’який шлейф і додаючи образу драматичності та руху. <br></span>Лінія колін декорована маками ручної роботи, які делікатно нашиваються на виріб, створюючи об’ємний художній акцент. <br><span>Кожен елемент виконаний з увагою до деталей, що додає образу унікальності, глибини та відчуття кутюрної ручної праці.</span></p>","<p><span>A refined dress of complex construction, blending architectural form with the artistic expression of its details. </span></p>
<p><span>The upper part features a corset base made of premium velvet. <br></span><span>The sweetheart neckline softly accentuates the bust, shaping a feminine silhouette. <br></span>The corset features an internal boning structure that secures the shape and highlights the waist, creating exquisite proportions. <br><span>The fit is meticulously tailored — the garment closely hugs the figure, emphasizing its natural plasticity. <br><br></span>The lower part of the dress is crafted from translucent organza with a subtle matte finish. <br><span>The skirt flares towards the hemline, forming a soft train and adding drama and movement to the look. <br></span>The knee line is decorated with handcrafted poppies, delicately sewn onto the garment to create a voluminous artistic accent. <br><span>Every element is executed with profound attention to detail, adding uniqueness, depth, and a sense of true bespoke craftsmanship to the look.</span></p>"
df5b3303-a57c-499d-8947-cf204c6828cc,korset-poppy-elegance,Корсет Linea,true,"<p><span>Архітектурний корсет із чітко вибудуваною конструкцією, виконаний із глибокого чорного оксамиту у поєднанні з фактурною сіткою та мереживом із мотивами маків. <br></span><span>Модель формує скульптурний силует, підкреслює талію та вибудовує витончену геометрію фігури. <br></span><span>М’яка лінія декольте переходить у напівпрозорі вставки з мереживом, створюючи ефект багатошаровості та глибини. <br></span><span>Внутрішня система кісточок забезпечує ідеальну посадку, а vertical вставка в центрі візуально витягує силует. <br></span><span>Застібка по спинці — акцентна блискавка.</span></p>","<p><span>An architectural corset with a precisely tailored construction, crafted from deep black velvet combined with textured mesh and poppy motif lace. <br></span><span>The model shapes a sculptural silhouette, accentuates the waist, and builds refined body geometry. <br></span><span>The soft neckline transitions into translucent lace inserts, creating a multilayered effect with striking depth. <br></span><span>An internal boning system ensures a flawless fit, while a vertical center panel visually elongates the silhouette. <br></span><span>Finished with an accent zipper fastening at the back.</span></p>"
eaedfefd-3cbd-4e23-8e18-667a64e2b682,spidnytsya-velour-poetry,Спідниця Velour Poetry,true,"<p><span>Спідниця приталеного крою, з високою посадкою, підкреслює талію та подовжує фігуру, а розріз додає легкості та динаміки руху.</span></p>
<p><span>Головний акцент — об’ємні маки, створені вручну. Кожна квітка є результатом кропіткої, тривалої роботи, що надає виробу унікальності та глибини. Вони формують емоційний центр образу, додаючи йому ритму, об’єму та художньої виразності.</span></p>","<p><span>A fitted skirt with a high waistline that accentuates the figure and elongates the silhouette, while the slit adds lightness and dynamic movement.</span></p>
<p><span>The main accent lies in the voluminous, handcrafted poppies. Every flower is the result of meticulous, time-intensive artisanship, granting the garment unmatched uniqueness and depth. They form the emotional centerpiece of the look, adding rhythm, volume, and artistic expression.</span></p>"
93f4a859-0cce-4f02-a7e6-943e41fa3565,spidnytsya-petal-grace,Спідниця Petal Grace,true,"<p>Спідниця-шестиклинка, виконана з костюмної тканини, м’яко облягає стегна та плавно розкльошується донизу, формуючи елегантний, витягнутий силует. Нижня частина декорована вставкою з фактурного мережива, що додає легкості та витонченої прозорості в русі.</p>","<p>A six-gore skirt, crafted from suiting fabric, softly skims the hips and smoothly flares towards the hem, forming an elegant, elongated silhouette. The lower section is decorated with a textured lace insert, adding lightness and refined transparency in movement.</p>"
7eb8ea46-329d-43ad-aba2-ffc0e351886a,pidzhak-korset-petal-grace,Піджак-корсет Petal Grace,true,"<p><span>Піджак-корсет на чашках із костюмної тканини виконаний у формі корсета. </span><br><span>Рельєфи та вставлені кісточки підкреслюють талію і формують чіткий, витончений силует. <br></span><span>Від лінії талії виріб переходить у баску зі складками, що додає образу жіночності та динаміки. <br></span><span>Особлива увага зосереджена на декольте, оздобленому об’ємними маками ручної роботи. Кожна квітка ретельно сформована вручну, передаючи природну пластику пелюсток, глибину кольору та живу емоцію. </span><br><span>Ця клопітка ручна робота додає виробу відчуття розкоші та підкреслює його виразний дизайнерський характер. </span><br><span>Об’ємні рукави з м’якою посадкою по окату делікатно підкреслюють лінію плечей, створюючи баланс між структурою корсета та пластикою форми. </span><br><span>Довгий рукав звужується донизу, завершуючись акуратною лінією манжета. </span><br><span>Застібка розташована по спинці.</span></p>","<p><span>A cupped corset jacket crafted from suiting fabric, designed in a structured corset shape. </span><br><span>Princess seams and inserted boning accentuate the waist, forming a sharp, refined silhouette. <br></span><span>From the waistline, the garment transitions into a pleated basque, adding femininity and dynamics to the look. <br></span><span>Special attention is drawn to the décolleté, adorned with voluminous handcrafted poppies. Each flower is meticulously shaped by hand, capturing the natural plasticity of petals, depth of color, and vivid emotion. </span><br><span>This painstaking handcrafting bestows the garment with a sense of luxury and emphasizes its distinctive designer character. </span><br><span>Voluminous sleeves with a soft fit at the crown delicately highlight the shoulder line, striking a balance between the corset's structure and the form's fluidity. </span><br><span>The long sleeves taper towards the bottom, finishing with a neat cuff line. </span><br><span>The fastening is located at the back.</span></p>"
f21be684-1727-4bbe-9d8c-8a3d996fdac1,shtany-power,Штани Power,true,"<p><span>Штани виконані з костюмної тканини, мають чітку конструкцію та архітектурний крій. <br></span><span>Бічні “бочки”, виконані з оксамиту, разом із рельєфами формують об’єм і надають силуету виразності, зберігаючи стриману елегантність. <br></span><span>Модель прилягає по фігурі та звужується донизу, створюючи витончений силует і баланс між класичною строгістю та сучасною формою.</span></p>","<p><span>Crafted from suiting fabric, these trousers feature a sharp construction and architectural cut. <br></span><span>The velvet side panels, combined with princess seams, create volume and lend expressiveness to the silhouette while maintaining understated elegance. <br></span><span>The model offers a fitted silhouette that tapers towards the bottom, striking a perfect balance between classic austerity and modern form.</span></p>"
ef0fd2d2-2fbc-43c7-90b7-41a4f793d297,pidzhak-axis,Піджак Axis,true,"<p><span>Вкорочений піджак виконаний із костюмної тканини, має чітко сформовану лінію плеча та лаконічний силует. <br></span><span>Обʼємні рукави з мʼяким округлення формують виразну геометрію та додають образу характеру. <br></span><span>Подовжений фігурний комір виконаний із сатину та оздоблений мереживом зверху, що надає виробу делікатності й витонченості.</span></p>","<p><span>A cropped jacket crafted from suiting fabric, featuring a sharply defined shoulder line and a sleek silhouette. <br></span><span>Voluminous sleeves with gentle rounding create bold geometry and add character to the look. <br></span><span>The elongated shaped collar is made of satin and trimmed with lace at the top, lending the garment a touch of delicacy and refinement.</span></p>"
dc10f2f8-ebc4-41e2-922d-4930d34c4ec0,spidnytsya-weal,Спідниця Weal,true,"<p><span>Спідниця</span><span> прямого силуету виконана з сатинової тканини в авторський принт«Маки». <br></span></p>
<p><span>Конструктивною особливістю є виражені бочки, які формують архітектурний об’єм у зоні стегон, підкреслюючи талію та додаючи силуету виразності. Оксамитові вставки делікатно перегукуються з фактурою корсету, об’єднуючи образ у цілісну композицію.<span class=""Apple-converted-space""> </span></span></p>
<p><span>Застібка — потаємна блискавка позаду.</span></p>","<p><span>A straight-silhouette </span><span>skirt</span><span> crafted from satin fabric featuring the signature ""Poppies"" print. <br></span></p>
<p><span>A key structural feature is the pronounced side panels, which form architectural volume around the hips, accentuating the waist and adding expressiveness to the silhouette. Velvet inserts delicately echo the texture of the corset, uniting the look into a cohesive composition.<span class=""Apple-converted-space""> </span></span></p>
<p><span>Fastens with a concealed zipper at the back.</span></p>"
6e3ca239-9ee6-4192-87a7-61231dd43028,top-korset-weal,Топ-корсет Weal,true,"<p><span>Топ-корсет виконаний із глибокого чорного оксамиту. Подовжений перед формує витягнутий, скульптурний силует, акцентуючи талію та додаючи образу графічності. <br></span><span>Короткі рукави мають чітку, скульптурну форму: делікатно підняті в зоні плеча, вони створюють м’який об’єм і виразну лінію, підкреслюючи плечі та додаючи образу структурності. <br></span><span>Висока стійка обрамлює шию, надаючи силуету зібраності та елегантної строгості. <br></span><span>Застібається на ефектну блискавку вздовж усієї спинки.</span></p>
<p> </p>","<p><span>A corset top crafted from deep black velvet. The elongated front forms an extended, sculptural silhouette, accentuating the waist and adding graphic precision to the look. <br></span><span>The short sleeves boast a sharp, sculptural form: delicately raised at the shoulder, they create soft volume and a bold line, highlighting the shoulders and adding structural depth. <br></span><span>A high stand collar frames the neck, lending the silhouette a composed and elegantly austere feel. <br></span><span>Fastens with a striking zipper along the entire back.</span></p>
<p> </p>"
ea7f88a1-53e3-4ba3-9a8e-e2675f1e842e,shtany-rubin,Штани Rubin,true,"<p><span></span><span>Класичні штани</span><span> вільного крою з кишенями, гульфіком і замком спереду. <br></span><span>Декоративні складки на передній частині додають об’єму, створюючи плавну, витончену лінію силуету та підкреслюючи продуману конструкцію виробу.</span></p>","<p><span></span><span>Classic loose-fitting trousers</span><span> featuring pockets, a fly, and a front zipper. <br></span><span>Decorative pleats at the front add volume, creating a smooth, refined silhouette line and emphasizing the garment's thoughtfully engineered construction.</span></p>"
c397b876-074c-4d6f-aa58-10e0a2cbf8eb,korset-rubin,Корсет Rubin,true,"<p><span>Корсет із чітко вибудуваною архітектурою силуету, що акцентує талію та формує витончену, графічну лінію фігури. <br></span><span>Центральний акцент — зона декольте, оздоблена оксамитовими пелюстками. <br></span><span>Конструкція корсета підсилена рельєфними швами, що візуально витягують силует і підкреслюють його вертикаль. <br></span><span>Нижній край має фігурну лінію з м’якими вигинами. <br></span><span>Позаду ефектна застібка вздовж усього корсета, що підкреслює лінію спини, додаючи образу графічності та сучасного характеру.</span></p>
<p> </p>
<p> </p>","<p><span>A corset with precisely engineered silhouette architecture that highlights the waist and forms a refined, graphic body line. <br></span><span>The central focal point is the décolleté area, adorned with velvet petals. <br></span><span>The corset's construction is reinforced with princess seams that visually elongate the silhouette and emphasize its verticality. <br></span><span>The lower edge features a shaped hemline with soft curves. <br></span><span>Finished with a striking full-length zipper at the back, which accentuates the line of the back, adding graphic appeal and a modern character to the look.</span></p>
<p> </p>
<p> </p>"
7f6260b1-da93-4cf5-a3e9-11a3b093aaf2,bluza-pavera,Блуза Pavera,true,"<p><span></span><span>Блуза прилягаючого силуету з потайною планкою виконана з бавовняної тканини. <br></span><span>Вона м’яко тримає форму, створюючи чисту та лаконічну основу для образу. <br></span>Об’ємні рукави сформовані глибокими, рівномірно закладеними складками біля плеча. <br>Вони розкриваються в об’ємі та плавно спадають донизу, переходячи у зібрану лінію манжета, утворюючи делікатний «балон» із виразною, але врівноваженою геометрією.<br><span></span></p>
<p>Фігурний комір оздоблений камінцями, що додає образу витонченого акценту. <br>Манжети прикрашені вишивкою квітів маків і листя по всій поверхні — клопітка ручна робота, яка підкреслює унікальність та авторський характер виробу.</p>","<p><span></span><span>A fitted blouse with a concealed placket, crafted from cotton fabric. <br></span><span>It softly holds its shape, providing a clean and minimalist foundation for the look. <br></span>The voluminous sleeves are shaped by deep, evenly spaced pleats near the shoulder. <br>They unfold in volume and gracefully drape downward, transitioning into a gathered cuff line to form a delicate ""balloon"" shape with striking yet balanced geometry.<br><span></span></p>
<p>The shaped collar is embellished with rhinestones, adding a refined accent to the look. <br>The cuffs are decorated with hand-embroidered poppy flowers and leaves across their entirety — meticulous handcrafted artisanship that highlights the uniqueness and signature character of the garment.</p>"
ef423f4f-77bb-4695-9b34-78d3b02cf7a2,spidnytsya-poppy-grace,Спідниця Poppy Grace,true,"<p> </p>
<p><strong>Класична спідниця</strong><span> з потайним замком і шліцею позаду, з мереживною вставкою внизу, яка додає образу легкості та витонченої елегантності. Деталь підкреслює дизайнерський задум, перетворюючи класику на сучасну й жіночну річ.</span><br><span></span></p>
<p> </p>","<p> </p>
<p><strong>A classic skirt</strong><span> featuring a concealed back zipper and vent, finished with a lace insert at the hem that lends the look an air of lightness and refined elegance. This detail highlights the designer's vision, transforming a classic piece into a contemporary and highly feminine garment.</span><br><span></span></p>
<p> </p>"
034495b1-a5b8-4268-bc0d-b94825db0f44,pidzhak-poppy-grace,Піджак Poppy Grace,true,"<p><span><strong>Піджак</strong> із V-подібним вирізом</span><span> з костюмної тканини має чітко вибудуваний силует, що підкреслює плечі та талію. Плавні рельєфи спереду й позаду з внутрішніми складками, об’ємні рукави, які звужуються до низу, та бездоганна посадка створюють відчуття впевненості й гармонії.<br></span></p>
<p><span>Особливий акцент — </span><span>роз’ємний комір</span><span>: графічний, із подовженими плавно округленими краями, що спадають на плечі, утворюючи ефект накидки. Легка хвилеподібність контуру додає руху та пластики, а висока стійка витягує лінію шиї. Контраст молочної основи та чорного мережива підкреслює глибину й художню виразність. <br></span>Роз’ємна конструкція коміра дозволяє трансформувати образ: від декоративного акценту до стриманого мінімалізму.<br><span></span></p>
<p><span></span><strong>ВАРТІСТЬ ПІДЖАКА ВКАЗАНО БЕЗ ВАРТОСТІ КОМІРА</strong></p>
<p>КОМІР МОЖНА ПРИДБАТИ В КАТЕГОРІЇ «<em><strong>АКСЕСУАРИ</strong></em>» </p>","<p><span><strong>A V-neck jacket</strong></span><span> crafted from suiting fabric features a sharply constructed silhouette that accentuates the shoulders and waist. Flowing princess seams at the front and back with internal pleats, voluminous sleeves that taper towards the hem, and a flawless fit evoke a sense of confidence and harmony.<br></span></p>
<p><span>A special accent is the </span><span>detachable collar</span><span>: graphic, with elongated, smoothly rounded edges that drape over the shoulders, creating a cape effect. The slight undulation of the contour adds movement and plasticity, while the high stand collar elongates the neckline. The contrast between the milky base and black lace highlights the depth and artistic expression. <br></span>The detachable collar design allows the look to transform: from a decorative accent to understated minimalism.<br><span></span></p>
<p><span></span><strong>THE JACKET PRICE DOES NOT INCLUDE THE COLLAR</strong></p>
<p>THE COLLAR CAN BE PURCHASED IN THE ""<em><strong>ACCESSORIES</strong></em>"" CATEGORY</p>"
ee54105f-5b2b-4087-acbc-b99fb51c063d,spidnytsya-poppy-elegance,Спідниця Poppy Elegance,true,"<p><strong>Спідниця</strong> прямого крою, виконана з костюмної тканини, доповнена асиметричною мереживною вставкою напівкльош збоку. <br><span>Такий елемент додає образу легкості, м’якості та динаміки, створюючи витончений акцент у русі.</span></p>
<p> </p>","<p><strong>A straight-cut skirt</strong>, crafted from suiting fabric, complemented by an asymmetrical semi-flared lace insert on the side. <br><span>This element adds lightness, softness, and dynamic movement to the look, creating a refined accent in motion.</span></p>
<p> </p>"
37736675-4564-4570-8c16-691d6c028cc2,zhylet-poppy-elegance,Жилет Poppy Elegance,true,"<p><span><strong>Жилет</strong> із костюмної тканини на запах, доповнений внутрішніми кнопками для фіксації. <br></span><span>Виріб пропрацьований по рельєфах спереду та позаду, із внутрішніми складками, що формують витончений силует і додають конструкції глибини. Комір виконаний із основної тканини у поєднанні з мереживом, що надає образу делікатної елегантності та вишуканого акценту.</span></p>
<p> </p>","<p><span><strong>A wrap vest</strong> crafted from suiting fabric, complete with internal snap buttons for a secure fit. <br></span><span>The garment is detailed with princess seams at the front and back, featuring internal pleats that form an elegant silhouette and add structural depth. The collar is made of the main fabric combined with lace, lending the look a delicate elegance and a sophisticated accent.</span></p>
<p> </p>"
641aafea-c742-4bf7-8c22-0990deebe82d,spidnytsya-nude-harmony,Спідниця Nude Harmony,true,"<p>Спідниця класичного прямого крою створює стриманий і елегантний силует. <br><span>Позаду розташований замок і шліца, що додає комфорту в русі та завершеності образу.</span></p>","<p>A skirt with a classic straight cut creates an understated and elegant silhouette. <br><span>It features a back zipper and a vent, providing comfort in movement and a polished finish to the look.</span></p>"
0a7fdbb9-76db-44cf-8ae2-804a2040991b,zhylet-nude-harmony,Жилет Nude Harmony,true,"<p><span>Жилет на чашках із костюмної тканини у поєднанні з мереживом по центру, виконаний у формі корсета. <br></span><span>Рельєфи та вставлені кісточки підкреслюють талію і формують чіткий, витончений силует. <br></span><span>Від лінії талії виріб переходить у баску зі складками, що додає образу жіночності та динаміки. <br></span><span>Позаду застібка на замок забезпечує зручну посадку.</span></p>
<p> </p>","<p><span>A cupped vest crafted from suiting fabric, combined with a central lace panel, designed in a structured corset shape. <br></span><span>Princess seams and inserted boning accentuate the waist, forming a sharp, refined silhouette. <br></span><span>From the waistline, the garment transitions into a pleated basque, adding femininity and dynamics to the look. <br></span><span>A back zipper fastening ensures a comfortable and secure fit.</span></p>
<p> </p>"
32be635c-65f7-4a86-9364-61ce6f83c089,shorty-sharp-grace,Шорти Sharp Grace,true,"<p><span>Шорти з рельєфами доповнені вставленими оксамитовими бочками, що створюють виразний контраст фактур і додають образу нотки розкоші. <br></span><span>Продуманий крій підкреслює фігуру, поєднуючи комфорт і елегантність.</span></p>","<p><span>Shorts with princess seams, complemented by velvet side panels that create a striking textural contrast and add a touch of luxury to the look. <br></span><span>The thoughtfully engineered cut accentuates the figure, blending comfort with elegance.</span></p>"
f47e0685-dd82-45d1-9c7a-1ee27176b794,korset-sharp-grace,Корсет Sharp Grace,true,"<p><span>Силуетний корсет із чітко сформованими рельєфами та кісточками акцентує талію та формує витончений, структурований силует. <br></span><span>Бокові бочки додають глибини формі й забезпечують ідеальну посадку.</span></p>","<p><span>A fitted corset with sharply defined princess seams and boning accentuates the waist and forms a refined, structured silhouette. <br></span><span>The side panels add depth to the shape and ensure a flawless fit.</span></p>"
f3fdeb69-c5b4-4a13-bb96-10396f21161d,untitled-apr20-00-32,Блуза Heritage,true,"<p><span>Класична блуза прямого силуету, з довгими рукавами! <br></span><span>Зустрічні складки від плечового шва додають пишності, легкості та жіночності! <br></span><span>Спереду прикрашена невеликими складками, що додають унікального акценту образу. <br></span><span>А V-подібний виріз, розрізи по боках та застібка, у вигляді одного ґудзика на горловині, забезпечує комфортну посадку та надає елегантного вигляду!</span><span><strong>Комірець</strong> та <strong>манжети</strong>, виконані із бісеру ручної вишивки, що нагадує витончені гілочки або стилізовані квіткові мотиви. <br></span><span>Ці елементи додають декоративного шарму, створюючи враження ніжності та елегантності.</span></p>
<p> </p>
<p><strong>СКЛАД: </strong><span>котон-95%; еластан-5%</span></p>
<p> </p>","<p><span>A classic straight-silhouette blouse with long sleeves! <br></span><span>Box pleats falling from the shoulder seam add volume, lightness, and femininity! <br></span><span>Adorned with delicate pleats at the front, adding a unique accent to the look. <br></span><span>A V-neckline, side slits, and a single-button fastening at the collar ensure a comfortable fit and lend an elegant appearance!</span><span>The <strong>collar</strong> and <strong>cuffs</strong> feature hand-embroidered beading reminiscent of delicate twigs or stylized floral motifs. <br></span><span>These elements add decorative charm, creating an impression of tenderness and elegance.</span></p>
<p> </p>
<p><strong>COMPOSITION: </strong><span>cotton 95%; elastane 5%</span></p>
<p> </p>"
265aa20b-185b-456f-97e2-7c53d909ab5e,untitled-apr18-16-22,Skarlet Noir,true,"<p><span>Витончена сукня складної конструкції, що поєднує в собі архітектурність форми та художню виразність деталей. </span></p>
<p><span>Верхня частина виконана у вигляді корсетної основи з оксамиту. <br></span><span>Серцеподібна лінія декольте м’яко підкреслює зону грудей, формуючи жіночний силует. <br></span>Корсет має внутрішню конструкцію з кісточками, що фіксують форму та акцентують талію, створюючи витончені пропорції. <br><span>Посадка ідеально вивірена — виріб щільно прилягає до фігури, підкреслюючи її природну пластику. <br><br></span>Нижня частина сукні виконана з напівпрозорої органзи з легким матовим відблиском. <br><span>Спідниця розширюється донизу, утворюючи м’який шлейф і додаючи образу драматичності та руху. <br></span>Лінія колін декорована маками ручної роботи, які делікатно нашиваються на виріб, створюючи об’ємний художній акцент. <br><span>Кожен елемент виконаний з увагою до деталей, що додає образу унікальності, глибини та відчуття кутюрної ручної праці.</span></p>
<p><span>Блуза виконана з легкої органзи, що створює делікатний контраст із щільною корсетною основою сукні. <br></span><span>Контрастний білий комір та манжети додають образу свіжості та витонченості. <br></span><span>Пишні рукави створюють ефектний об’єм і підкреслюють романтичний характер виробу. Застібка попереду на ґудзики надає блузі класичного звучання.</span></p>
<p> </p>
<p> </p>","<p><span>A refined dress of complex construction, blending architectural form with the artistic expression of its details. </span></p>
<p><span>The upper part features a corset base made of premium velvet. <br></span><span>The sweetheart neckline softly accentuates the bust, shaping a feminine silhouette. <br></span>The corset features an internal boning structure that secures the shape and highlights the waist, creating exquisite proportions. <br><span>The fit is meticulously tailored — the garment closely hugs the figure, emphasizing its natural plasticity. <br><br></span>The lower part of the dress is crafted from translucent organza with a subtle matte finish. <br><span>The skirt flares towards the hemline, forming a soft train and adding drama and movement to the look. <br></span>The knee line is decorated with handcrafted poppies, delicately sewn onto the garment to create a voluminous artistic accent. <br><span>Every element is executed with profound attention to detail, adding uniqueness, depth, and a sense of true bespoke craftsmanship.</span></p>
<p><span>The blouse is crafted from lightweight organza, creating a delicate contrast with the dress's dense corset base. <br></span><span>The contrasting white collar and cuffs add freshness and refinement to the look. <br></span><span>Voluminous sleeves create striking volume and emphasize the garment's romantic character. A front button fastening gives the blouse a classic resonance.</span></p>
<p> </p>
<p> </p>"
8f91b2a5-d26c-4ad7-af41-cb6cd0218b1f,petalia-veil,Petalia Veil,true,,
8c4371d5-c67c-4c8d-a2a9-4cde4180218b,atrum,Atrum,true,,
dde5934f-fc76-4c79-8fb9-7fc3cd6f1fa2,umbra-lumen,Umbra Lumen,true,,
b442eeeb-041d-4f63-b6c4-0c313af8a398,poppy-veil-elegance,Linea Veil,true,"<p><span>Архітектурний корсет із чітко вибудуваною конструкцією, виконаний із глибокого чорного оксамиту у поєднанні з фактурною сіткою та мереживом із мотивами маків. <br></span><span>Модель формує скульптурний силует, підкреслює талію та вибудовує витончену геометрію фігури. <br></span><span>М’яка лінія декольте переходить у напівпрозорі вставки з мереживом, створюючи ефект багатошаровості та глибини. <br></span><span>Внутрішня система кісточок забезпечує ідеальну посадку, а vertical вставка в центрі візуально витягує силует. <br></span><span>Застібка по спинці — акцентна блискавка.</span></p>
<p>Баска продовжує корсетну лінію та виступає виразним декоративним елементом. <br><span>Виконана з поєднання сітки з мереживом «маки» та щільної білої тканини, вона формує графічний контур і динамічні клини, що подовжують силует. <br></span><span>Зав’язується ззаду на оксамитову зав’язку, регулюючи посадку. <br></span><span>Баска є самостійним елементом, який легко інтегрується в інші образи.</span></p>
<p><span>Блуза з легкої органзи має вільний силует і об’ємні рукави зі зборами, що формують м’який скульптурний об’єм. <br></span><span>Рукави завершені подовженими оксамитовими манжетами, що додають образу глибини та тактильної виразності. <br></span>Застібається спереду на планку з прихованими кнопками, зберігаючи чистоту ліній. </p>
<p><span>Оксамитовий комір витягнутої форми підкреслює вертикаль силуету та додає образу стриманої інтелігентності.</span></p>
<p>Спідниця з витонченими вставними клинами понизу, які додають легкості та динаміки руху. <br>Такий крій формує красивий розкльошений силует, підкреслює жіночність і створює ефект плавного розкриття при ходьбі. <br><span>Ідеально поєднує комфорт і елегантність, додаючи образу вишуканості.</span><span> </span></p>","<p><span>An architectural corset with a precisely tailored construction, crafted from deep black velvet combined with textured mesh and poppy motif lace. <br></span><span>The model shapes a sculptural silhouette, accentuates the waist, and builds refined body geometry. <br></span><span>The soft neckline transitions into translucent lace inserts, creating a multilayered effect with striking depth. <br></span><span>An internal boning system ensures a flawless fit, while a vertical center panel visually elongates the silhouette. <br></span><span>Finished with an accent zipper fastening at the back.</span></p>
<p>The basque continues the corset line and serves as a striking decorative element. <br><span>Crafted from a combination of mesh with ""poppy"" lace and dense white fabric, it forms a graphic contour and dynamic wedges that elongate the silhouette. <br></span><span>It ties at the back with a velvet ribbon, allowing for an adjustable fit. <br></span><span>The basque is a standalone piece that effortlessly integrates into other looks.</span></p>
<p><span>The lightweight organza blouse features a loose silhouette and voluminous gathered sleeves that form a soft sculptural volume. <br></span><span>The sleeves are finished with elongated velvet cuffs, adding depth and tactile expressiveness to the look. <br></span>Fastens at the front with a concealed snap placket, preserving the purity of its lines. </p>
<p><span>The elongated velvet collar emphasizes the verticality of the silhouette and adds an air of understated elegance to the look.</span></p>
<p>The skirt features exquisite inserted wedges at the hem, adding lightness and dynamic movement. <br>This cut forms a beautiful flared silhouette, highlighting femininity and creating a smooth blooming effect when walking. <br><span>It perfectly merges comfort with elegance, lending the look a sophisticated touch.</span><span> </span></p>"
40e7dab7-1b18-4f0c-827c-9fd52a31374e,velour-poetry,Velour Poetry,true,"<p><span>Корсет із чашками, кісточками та вираженими бочками виконаний із преміального оксамиту. <br></span><span>Він формує чіткий, скульптурний силует, підкреслює талію та вибудовує витончені пропорції фігури.</span></p>
<p>Оксамитовий чорний комір має скульптурну, ювелірно вивірену форму: м’яко піднімається від лінії плечей, огортає шию та спускається у глибокий, витягнутий виріз. <br>Його пелюстковий контур візуально подовжує шию і підсилює графічність силуету, виступаючи не лише декоративним, а й конструктивним елементом.<br><span></span></p>
<p>Спідниця приталеного крою, з високою посадкою, підкреслює талію та подовжує фігуру, а розріз додає легкості та динаміки руху. <br><span>Головний акцент — об’ємні маки, створені вручну. Кожна квітка є результатом кропіткої, тривалої роботи, що надає виробу унікальності та глибини. Вони формують емоційний центр образу, додаючи йому ритму, об’єму та художньої виразності.</span></p>
<p>Це не просто костюм — це про майстерність, увагу до деталей і цінність ручної праці, що формує характер речі.<br><span></span></p>","<p><span>The cupped corset, featuring boning and pronounced side panels, is crafted from premium velvet. <br></span><span>It shapes a sharp, sculptural silhouette, accentuates the waist, and builds refined bodily proportions.</span></p>
<p>The black velvet collar boasts a sculptural, meticulously calibrated shape: softly rising from the shoulder line, wrapping the neck, and descending into a deep, elongated plunge. <br>Its petal-like contour visually lengthens the neck and amplifies the graphic nature of the silhouette, serving as both a decorative and structural element.<br><span></span></p>
<p>The fitted skirt with a high waistline accentuates the figure and elongates the silhouette, while the slit adds lightness and dynamic movement. <br><span>The main accent lies in the voluminous, handcrafted poppies. Every flower is the result of meticulous, time-intensive artisanship, granting the garment unmatched uniqueness and depth. They form the emotional centerpiece of the look, adding rhythm, volume, and artistic expression.</span></p>
<p>This is not just a suit — it is about mastery, attention to detail, and the true value of handcrafted artisanship that shapes the character of a piece.<br><span></span></p>"
cb61b73b-712a-4efd-9b81-a0a400ba8a46,petal-grace,Petal Grace,true,"<p>Піджак-корсет на чашках із костюмної тканини виконаний у формі корсета. <br><span>Рельєфи та вставлені кісточки підкреслюють талію і формують чіткий, витончений силует. <br></span><span>Від лінії талії виріб переходить у баску зі складками, що додає образу жіночності та динаміки. <br></span>Особлива увага зосереджена на декольте, оздобленому об’ємними маками ручної роботи. Кожна квітка ретельно сформована вручну, передаючи природну пластику пелюсток, глибину кольору та живу емоцію. <br>Ця клопітка ручна робота додає виробу відчуття розкоші та підкреслює його виразний дизайнерський характер. <br>Об’ємні рукави з м’якою посадкою по окату делікатно підкреслюють лінію плечей, створюючи баланс між структурою корсета та пластикою форми. <br>Довгий рукав звужується донизу, завершуючись акуратною лінією манжета. <br>Застібка розташована по спинці.</p>
<p><span>Спідниця-шестиклинка, виконана з костюмної тканини, м’яко облягає стегна та плавно розкльошується донизу, формуючи елегантний, витягнутий силует. <br>Нижня частина декорована вставкою з фактурного мережива, що додає легкості та витонченої прозорості в русі.</span></p>","<p>A cupped corset jacket crafted from suiting fabric, designed in a structured corset shape. <br><span>Princess seams and inserted boning accentuate the waist, forming a sharp, refined silhouette. <br></span><span>From the waistline, the garment transitions into a pleated basque, adding femininity and dynamics to the look. <br></span>Special attention is drawn to the décolleté, adorned with voluminous handcrafted poppies. Each flower is meticulously shaped by hand, capturing the natural plasticity of petals, depth of color, and vivid emotion. <br>This painstaking handcrafting bestows the garment with a sense of luxury and emphasizes its distinctive designer character. <br>Voluminous sleeves with a soft fit at the crown delicately highlight the shoulder line, striking a balance between the corset's structure and the form's fluidity. <br>The long sleeves taper towards the bottom, finishing with a neat cuff line. <br>The fastening is located at the back.</p>
<p><span>A six-gore skirt, crafted from suiting fabric, softly skims the hips and smoothly flares towards the hem, forming an elegant, elongated silhouette. <br>The lower section is decorated with a textured lace insert, adding lightness and refined transparency in movement.</span></p>"
2e6a657c-c6f2-4a19-85b2-9b82ac4ed93f,weal-power,Weal Power,true,"<p><span>Топ-корсет виконаний із глибокого чорного оксамиту. Подовжений перед формує витягнутий, скульптурний силует, акцентуючи талію та додаючи образу графічності. <br></span><span>Короткі рукави мають чітку, скульптурну форму: делікатно підняті в зоні плеча, вони створюють м’який об’єм і виразну лінію, підкреслюючи плечі та додаючи образу структурності. <br></span><span>Висока стійка обрамлює шию, надаючи силуету зібраності та елегантної строгості. <br></span><span>Застібається на ефектну блискавку вздовж усієї спинки.</span></p>
<p>Штани з високою посадкою виконані з костюмної тканини та доповнені конструктивними бочками, що формують легкий об’єм у стегнах. <br><span>Оксамитові вставки підсилюють візуальну глибину образу та створюють цілісну, продуману композицію. Силует м’яко звужується донизу, зберігаючи баланс між виразністю форми та стриманою елегантністю.</span></p>","<p><span>A corset top crafted from deep black velvet. The elongated front forms an extended, sculptural silhouette, accentuating the waist and adding graphic precision to the look. <br></span><span>The short sleeves boast a sharp, sculptural form: delicately raised at the shoulder, they create soft volume and a bold line, highlighting the shoulders and adding structural depth. <br></span><span>A high stand collar frames the neck, lending the silhouette a composed and elegantly austere feel. <br></span><span>Fastens with a striking zipper along the entire back.</span></p>
<p>The high-waisted trousers are crafted from suiting fabric and feature structural side panels that form subtle volume at the hips. <br><span>Velvet inserts amplify the visual depth of the look, creating a cohesive, well-thought-out composition. The silhouette softly tapers towards the hemline, maintaining a perfect balance between bold shape and understated elegance.</span></p>"
ae0a8659-2100-404f-b2b8-fad6439ef7dd,axis-power,Axis Weal Power,true,"<p><span>Вкорочений піджак виконаний із костюмної тканини, має чітко сформовану лінію плеча та лаконічний силует. <br></span><span>Обʼємні рукави з мʼяким округленням формують виразну геометрію та додають образу характеру. <br></span><span>Подовжений фігурний комір виконаний із сатину та оздоблений мереживом зверху, що надає виробу делікатності й витонченості.</span></p>
<p>Топ-корсет виконаний з оксамиту на контрастній червоній віскозній підкладці, яка делікатно виглядає з-під коміра-стійки, додаючи образу глибини та акценту. <br>Фігурне декольте підкреслює лінію плечей і шиї, створюючи витончений силует. <br>Вирізані бочки додають графічності та підкреслюють талію, формуючи скульптурну посадку. <br>Подовжений перед надає виробу виразності та сучасного характеру.</p>
<p><span>Штани виконані з костюмної тканини, мають чітку конструкцію та архітектурний крій. <br></span><span>Бічні “бочки”, виконані з оксамиту, разом із рельєфами формують об’єм і надають силуету виразності, зберігаючи стриману елегантність. <br></span><span>Модель прилягає по фігурі та звужується донизу, створюючи витончений силует і баланс між класичною строгістю та сучасною формою.</span></p>","<p><span>A cropped jacket crafted from suiting fabric, featuring a sharply defined shoulder line and a sleek silhouette. <br></span><span>Voluminous sleeves with gentle rounding create bold geometry and add character to the look. <br></span><span>The elongated shaped collar is made of satin and trimmed with lace at the top, lending the garment a touch of delicacy and refinement.</span></p>
<p>The corset top is crafted from velvet over a contrasting red viscose lining that delicately peeks from under the stand collar, adding depth and a striking accent. <br>The shaped décolleté highlights the shoulder and neck lines, creating a refined silhouette. <br>Cut-out side panels add a graphic touch and emphasize the waist, ensuring a sculptural fit. <br>The elongated front infuses the garment with expressiveness and a contemporary character.</p>
<p><span>Crafted from suiting fabric, these trousers feature a sharp construction and architectural cut. <br></span><span>The velvet side panels, combined with princess seams, create volume and lend expressiveness to the silhouette while maintaining understated elegance. <br></span><span>The model offers a fitted silhouette that tapers towards the bottom, striking a perfect balance between classic austerity and modern form.</span></p>"
2ee595a2-859c-4515-832b-0960907ce06b,untitled-apr17-14-44,Weal,true,"<p><span>Корсет виконаний із глибокого чорного оксамиту. <br></span><span>Подовжений перед формує витягнутий, скульптурний силует, акцентуючи талію та додаючи образу графічності. <br></span><span>Короткі рукави мають чітку, скульптурну форму: вони делікатно підняті в зоні плеча, створюючи м’який об’єм і виразну лінію, що підкреслює плечі та додає образу структурності. <br></span><span>Висока стійка обрамлює шию, надаючи силуету зібраності та елегантної строгості. <br></span><span>Застібається на ефектну блискавку вздовж усієї спинки.</span></p>
<p><span>Спідниця</span><span> прямого силуету виконана з сатинової тканини в авторський принт«Маки». </span><span>Конструктивною особливістю є виражені бочки, які формують архітектурний об’єм у зоні стегон, підкреслюючи талію та додаючи силуету виразності. Оксамитові вставки делікатно перегукуються з фактурою корсету, об’єднуючи образ у цілісну композицію.<span class=""Apple-converted-space""> <br>З</span></span><span>астібка — потаємна блискавка позаду.</span></p>
<p>Ефектний образ, у якому поєднуються чітка архітектура силуету та художня емоційність авторського принту.<br><span></span></p>","<p><span>The corset is crafted from deep black velvet. <br></span><span>The elongated front forms an extended, sculptural silhouette, accentuating the waist and adding graphic precision to the look. <br></span><span>The short sleeves boast a sharp, sculptural form: they are delicately raised at the shoulder, creating soft volume and a bold line that highlights the shoulders and adds structural depth. <br></span><span>A high stand collar frames the neck, lending the silhouette a composed and elegantly austere feel. <br></span><span>Fastens with a striking zipper along the entire back.</span></p>
<p><span>A straight-silhouette </span><span>skirt</span><span> crafted from satin fabric featuring the signature ""Poppies"" print. </span><span>A key structural feature is the pronounced side panels, which form architectural volume around the hips, accentuating the waist and adding expressiveness to the silhouette. Velvet inserts delicately echo the texture of the corset, uniting the look into a cohesive composition.<span class=""Apple-converted-space""> <br>F</span></span><span>astens with a concealed zipper at the back.</span></p>
<p>A striking look that marries the sharp architecture of the silhouette with the artistic emotion of a signature print.<br><span></span></p>"
57e14c9f-7c98-4425-b458-9b7021dbc1f0,pavera-rubin,Pavera Rubin,true,"<p><span>Корсет із чітко вибудуваною архітектурою силуету, що акцентує талію та формує витончену, графічну лінію фігури. <br></span><span>Центральний акцент — зона декольте, оздоблена оксамитовими пелюстками. <br></span><span>Конструкція корсета підсилена рельєфними швами, що візуально витягують силует і підкреслюють його вертикаль. <br></span><span>Нижній край має фігурну лінію з м’якими вигинами. <br></span><span>Позаду ефектна застібка вздовж усього корсета, що підкреслює лінію спини, додаючи образу графічності та сучасного характеру.</span></p>
<p><span>Блуза прилягаючого силуету з потайною планкою виконана з бавовняної тканини. Вона м’яко тримає форму, створюючи чисту та лаконічну основу для образу. <br></span>Об’ємні рукави сформовані глибокими, рівномірно закладеними складками біля плеча. Вони розкриваються в об’ємі та плавно спадають донизу, переходячи у зібрану лінію манжета, утворюючи делікатний «балон» із виразною, але врівноваженою геометрією.<br><span></span></p>
<p>Фігурний комір оздоблений камінцями, що додає образу витонченого акценту. <br>Манжети прикрашені вишивкою квітів маків і листя по всій поверхні — клопітка ручна робота, яка підкреслює унікальність та авторський характер виробу.<br><span></span></p>
<p><span>Класичні штани</span><span> вільного крою з кишенями, гульфіком і замком спереду. <br></span><span>Декоративні складки на передній частині додають об’єму, створюючи плавну, витончену лінію силуету та підкреслюючи продуману конструкцію виробу.</span></p>","<p><span>A corset with precisely engineered silhouette architecture that highlights the waist and forms a refined, graphic body line. <br></span><span>The central focal point is the décolleté area, adorned with velvet petals. <br></span><span>The corset's construction is reinforced with princess seams that visually elongate the silhouette and emphasize its verticality. <br></span><span>The lower edge features a shaped hemline with soft curves. <br></span><span>Finished with a striking full-length zipper at the back, which accentuates the line of the back, adding graphic appeal and a modern character to the look.</span></p>
<p><span>A fitted blouse with a concealed placket, crafted from cotton fabric. It softly holds its shape, providing a clean and minimalist foundation for the look. <br></span>The voluminous sleeves are shaped by deep, evenly spaced pleats near the shoulder. They unfold in volume and gracefully drape downward, transitioning into a gathered cuff line to form a delicate ""balloon"" shape with striking yet balanced geometry.<br><span></span></p>
<p>The shaped collar is embellished with rhinestones, adding a refined accent to the look. <br>The cuffs are decorated with hand-embroidered poppy flowers and leaves across their entirety — meticulous handcrafted artisanship that highlights the uniqueness and signature character of the garment.<br><span></span></p>
<p><span>Classic loose-fitting trousers</span><span> featuring pockets, a fly, and a front zipper. <br></span><span>Decorative pleats at the front add volume, creating a smooth, refined silhouette line and emphasizing the garment's thoughtfully engineered construction.</span></p>"
2837fa75-9456-44e6-a80a-7097db42f77e,untitled-apr17-11-39,Noir Identity,true,"<p><span>Піджак із V-подібним вирізом на запах із внутрішніми закльопками формує чисту, лаконічну лінію силуету. <br></span><span>Рельєфи спереду та позаду переходять у внутрішні складки, які створюють виразну архітектурну форму, підкреслюють талію та додають об’єму в зоні стегон, формуючи елегантний, збалансований силует. <br></span>Рукави об’ємні, зі злегка звуженим низом, що надає формі завершеності та витонченості, підкреслюючи лінію руки.<br><span></span></p>
<p>Піджак виконаний із вишуканого поєднання двох тканин: щільної костюмної, що тримає форму та забезпечує чіткість силуету, і сатину в авторський принт «Маки», який делікатно інтегрується в конструкцію, додаючи образу глибини, світлової гри та художнього звучання. <br>Контраст фактур створює ефект багатошаровості, перетворюючи виріб на виразний дизайнерський об’єкт із характером.<br><span></span></p>
<p>Особливу роль відіграє роз’ємний комір — акцентний, графічний, із чіткою лінією, який трансформує настрій виробу: від стриманої класики до більш виразного, подіумного звучання.<br><span></span></p>
<p><span>Класичні приталені штани з високою посадкою візуально подовжують силует, створюючи ефект довгих ніг і витонченої вертикалі. <br></span><span>Декоративні прострочки по канту додають графічності та ритму, підкреслюючи чистоту форм і завершеність образу.</span></p>
<p> </p>","<p><span>A V-neck wrap jacket with concealed snap buttons forms a clean, minimalist silhouette line. <br></span><span>Princess seams at the front and back transition into internal pleats, creating a bold architectural shape, accentuating the waist, and adding volume at the hips for an elegant, balanced silhouette. <br></span>The voluminous sleeves subtly taper towards the hem, granting the form completeness and refinement while highlighting the line of the arm.<br><span></span></p>
<p>The jacket is crafted from an exquisite blend of two fabrics: dense suiting fabric that holds the shape and ensures silhouette precision, and satin featuring the signature ""Poppies"" print, which integrates delicately into the structure, adding depth, an interplay of light, and artistic resonance. <br>The textural contrast creates a layered effect, transforming the garment into an expressive designer object with true character.<br><span></span></p>
<p>The detachable collar plays a pivotal role — graphic, bold, and sharply defined, it transforms the mood of the piece: from understated classicism to a more striking, runway-ready aesthetic.<br><span></span></p>
<p><span>Classic tailored high-waisted trousers visually elongate the silhouette, creating the illusion of endless legs and a refined vertical line. <br></span><span>Decorative edge stitching adds graphic appeal and rhythm, highlighting the purity of forms and the completeness of the look.</span></p>
<p> </p>"
c0cb25d3-116b-4026-a8a0-f31cc949b6fd,dust-bloom,Dust Bloom,true,"<p><span>Укорочений жакет</span><span> з костюмної тканини з чіткою лінією плечей і витонченою геометрією верху. Об’ємні рукави додають глибини й м’якої драматургії, врівноважуючи відкриту талію.</span></p>
<p><span>Особливий акцент — </span><span>комір</span><span> з тієї ж тканини в поєднанні з мереживом. <br></span><span>Подовжена форма з м’якими округлими лініями створює витягнутий силует, поєднуючи графічність конструкції та ніжність мережива. <br></span><span>Цей елемент додає образу авторського характеру та виразності.</span></p>
<p><span>Класичні штани</span><span> вільного крою з кишенями, гульфіком і замком спереду. <br>Декоративні складки на передній частині додають об’єму, створюючи плавну, витончену лінію силуету та підкреслюючи продуману конструкцію виробу.</span><br><span></span></p>","<p><span>A cropped jacket</span><span> crafted from suiting fabric features a sharp shoulder line and refined upper geometry. Voluminous sleeves add depth and soft dramatics, perfectly balancing the exposed waistline.</span></p>
<p><span>A special focal point is the </span><span>collar</span><span>, made from the same fabric combined with lace. <br></span><span>Its elongated shape with softly rounded lines creates an extended silhouette, merging structural precision with the delicacy of lace. <br></span><span>This element infuses the look with an unmistakable signature character and expressiveness.</span></p>
<p><span>Classic loose-fitting trousers</span><span> featuring pockets, a fly, and a front zipper. <br>Decorative pleats at the front add volume, creating a smooth, refined silhouette line and emphasizing the garment's thoughtfully engineered construction.</span><br><span></span></p>"
a91133a5-c9d2-4f0f-a4ad-de62c958fdac,soft-bloom-couture,Soft Bloom Couture,true,"<p><span>Двобортний подовжений піджак<span class=""Apple-converted-space""> </span></span><span>із костюмної тканини</span><span> з чітким силуетом і виразною лінією плечей. <br></span><span>Об’ємні рукави та комір із лацканами створюють стриманий, але впевнений образ. <br></span><span>Спереду – два декоративні клапани та застібка на ґудзики, що додають елегантного акценту.</span></p>
<p><span>Особлива родзинка — роз’ємний комір</span><span>, виконаний із костюмної тканини у поєднанні з фактурним мереживом. <br></span><span>Подовжені, м’яко окреслені краї спадають на плечі, формуючи ефект легкої накидки.<span class=""Apple-converted-space""> </span></span></p>
<p><span>Кльош-штани з мережива</span><span> з декорованою вишивкою, під якими приховані короткі шорти з костюмної тканини. <br></span><span>Висока посадка витягує силует, а плавне розширення від коліна створює елегантну лінію руху.</span><span></span></p>
<p>Цей образ переосмислює класичні форми через текстуру та деталь: стриманий, інтелігентний і водночас виразний. <br>Дизайнерський задум підкреслює витончену елегантність, а якісне мереживо з ручною вишивкою робить виріб справді особливим.<br><span></span></p>","<p><span>An elongated double-breasted jacket<span class=""Apple-converted-space""> </span></span><span>crafted from suiting fabric</span><span> features a sharp silhouette and a bold shoulder line. <br></span><span>Voluminous sleeves and a lapel collar create an understated yet confident look. <br></span><span>The front boasts two decorative flaps and button fastenings, adding an elegant accent.</span></p>
<p><span>The standout feature is the detachable collar</span><span>, executed in suiting fabric combined with textured lace. <br></span><span>The elongated, softly defined edges drape over the shoulders, creating the effect of a delicate cape.<span class=""Apple-converted-space""> </span></span></p>
<p><span>Flared lace trousers</span><span> adorned with embroidery discreetly conceal short suiting fabric shorts beneath. <br></span><span>The high rise elongates the silhouette, while the smooth flare from the knee creates an elegant line of movement.</span><span></span></p>
<p>This look reimagines classic forms through texture and detail: understated, intellectual, and incredibly striking. <br>The designer's vision underscores refined elegance, while the high-quality lace with handcrafted embroidery makes this piece truly exceptional.<br><span></span></p>"
259560e3-b24d-46cb-80d3-60471b321899,poppy-grace,Poppy Grace,true,"<p><span>Піджак із V-подібним вирізом</span><span> з костюмної тканини має чітко вибудуваний силует, що підкреслює плечі та талію. Плавні рельєфи спереду й позаду з внутрішніми складками, об’ємні рукави, які звужуються до низу, та бездоганна посадка створюють відчуття впевненості й гармонії.<br></span></p>
<p><span>Особливий акцент — </span><span>роз’ємний комір</span><span>: графічний, із подовженими плавно округленими краями, що спадають на плечі, утворюючи ефект накидки. Легка хвилеподібність контуру додає руху та пластики, а висока стійка витягує лінію шиї. Контраст молочної основи та чорного мережива підкреслює глибину й художню виразність. <br></span>Роз’ємна конструкція коміра дозволяє трансформувати образ: від декоративного акценту до стриманого мінімалізму.<br><span></span></p>
<p><span>Класична спідниця</span><span> з потайним замком і шліцею позаду, з мереживною вставкою внизу, яка додає образу легкості та витонченої елегантності. Деталь підкреслює дизайнерський задум, перетворюючи класику на сучасну й жіночну річ.</span><br><span></span></p>
<p> </p>","<p><span>A V-neck jacket</span><span> crafted from suiting fabric features a precisely engineered silhouette that accentuates the shoulders and waist. Smooth princess seams at the front and back with internal pleats, voluminous sleeves tapering towards the hem, and an impeccable fit evoke a sense of confidence and harmony.<br></span></p>
<p><span>A special focal point is the </span><span>detachable collar</span><span>: graphic, with elongated, smoothly rounded edges that drape over the shoulders to create a cape effect. The slight undulation of the contour adds movement and plasticity, while the high stand collar elongates the neckline. The contrast of the milky base against black lace emphasizes depth and artistic resonance. <br></span>The detachable collar construction allows the piece to be transformed: from a striking decorative accent to understated minimalism.<br><span></span></p>
<p><span>A classic skirt</span><span> featuring a concealed back zipper and vent, finished with a lace insert at the hem that lends the look an air of lightness and refined elegance. This detail highlights the designer's vision, turning a classic staple into a modern, highly feminine piece.</span><br><span></span></p>
<p> </p>"
35ca2d21-b122-4c2a-967c-b1d7b09923ac,poppy-elegance,Poppy Elegance,true,"<p><span>Жилет із костюмної тканини на запах, доповнений внутрішніми кнопками для фіксації. <br></span><span>Виріб пропрацьований по рельєфах спереду та позаду, із внутрішніми складками, що формують витончений силует і додають конструкції глибини. Комір виконаний із основної тканини у поєднанні з мереживом, що надає образу делікатної елегантності та вишуканого акценту.</span></p>
<p>Спідниця прямого крою, виконана з костюмної тканини, доповнена асиметричною мереживною вставкою напівкльош збоку. <br><span>Такий елемент додає образу легкості, м’якості та динаміки, створюючи витончений акцент у русі.</span></p>","<p><span>A wrap vest crafted from suiting fabric, secured with internal snap buttons. <br></span><span>The garment is meticulously detailed with princess seams at the front and back, featuring internal pleats that shape an elegant silhouette and infuse the construction with depth. The collar is crafted from the main fabric combined with lace, lending the look delicate elegance and a sophisticated accent.</span></p>
<p>The straight-cut skirt, crafted from suiting fabric, is enhanced by an asymmetrical semi-flared lace insert on the side. <br><span>This element brings lightness, softness, and dynamic movement to the look, creating a refined accent in motion.</span></p>"
2edbad63-f51b-4fa7-adba-e76d0f29dcdc,nude-harmony,Nude Harmony,true,"<p><span><strong>Жилет</strong> на чашках із костюмної тканини у поєднанні з мереживом по центру, виконаний у формі корсета. <br></span><span>Рельєфи та вставлені кісточки підкреслюють талію і формують чіткий, витончений силует. <br></span><span>Від лінії талії виріб переходить у баску зі складками, що додає образу жіночності та динаміки. <br></span><span>Позаду застібка на замок забезпечує зручну посадку.</span></p>
<p><strong>Спідниця</strong> класичного прямого крою створює стриманий і елегантний силует. <br><span>Позаду розташований замок і шліца, що додає комфорту в русі та завершеності образу.</span></p>","<p><span><strong>A cupped vest</strong> crafted from suiting fabric, paired with a central lace panel, designed in a structured corset shape. <br></span><span>Princess seams and inserted boning accentuate the waist, forming a sharp, refined silhouette. <br></span><span>From the waistline, the garment transitions into a pleated basque, adding femininity and dynamics to the look. <br></span><span>A back zipper fastening ensures a comfortable and secure fit.</span></p>
<p><strong>A skirt</strong> with a classic straight cut creates an understated and elegant silhouette. <br><span>The back features a zipper and a vent, providing ease of movement and a polished finish.</span></p>"
991f8f7d-66ec-4196-aba7-0fe43379ca59,veil-sharp-grace,Noir Sharp Grace,true,"<p><strong>Блуза</strong> з легкої  органзи з контрастним білим коміром та манжетами додає образу свіжості та витонченості. <br>Пишні рукави створюють ефектний об’єм і підкреслюють романтичний характер виробу. Застібка попереду на ґудзики надає блузі класичного звучання.</p>
<p>Силуетний <strong>корсет</strong> із чітко сформованими рельєфами та кісточками акцентує талію та формує витончений, структурований силует. <br><span>Бокові бочки додають глибини формі й забезпечують ідеальну посадку.</span></p>
<p><strong>Шорти</strong> з рельєфами доповнені вставленими оксамитовими бочками, що створюють виразний контраст фактур і додають образу нотки розкоші. <br><span>Продуманий крій підкреслює фігуру, поєднуючи комфорт і елегантність.</span></p>","<p>A lightweight organza <strong>blouse</strong> featuring a contrasting white collar and cuffs brings freshness and refinement to the look. <br>Voluminous sleeves create striking volume and emphasize the piece's romantic character. A front button fastening lends the blouse a classic resonance.</p>
<p>A fitted <strong>corset</strong> with sharply defined princess seams and boning accentuates the waist and shapes a refined, structured silhouette. <br><span>The side panels add depth to the form and ensure a flawless fit.</span></p>
<p><strong>Shorts</strong> with princess seams are complemented by inserted velvet side panels, creating a striking textural contrast and adding a touch of luxury to the look. <br><span>The thoughtfully engineered cut highlights the figure, beautifully merging comfort with elegance.</span></p>"
037b0948-4bdd-4a39-b097-ef59a4caa3ff,velvet-icon,Velvet Icon,true,"<p><span>Корсет оксамитовий із чашками, кісточками та вираженими бочками формує чіткий, скульптурний силует, підкреслює талію та створює витончену архітектуру форми. <br></span>Особлива увага зосереджена на декольте, оздобленому об’ємними маками ручної роботи. <br><span>Кожна квітка ретельно сформована, щоб передати природну пластику пелюсток, глибину кольору та живу емоцію.<span class=""Apple-converted-space""> </span></span></p>
<p>Спідниця з витонченими вставними клинами понизу, які додають легкості та динаміки руху. <br><span>Такий крій формує красивий розкльошений силует, підкреслює жіночність і створює ефект плавного розкриття при ходьбі. <br></span><span>Ідеально поєднує комфорт і елегантність, додаючи образу вишуканості.</span></p>
<p>Виразний образ, що створює делікатний контраст між стриманою архітектурою та чуттєвою декоративністю.<br><span></span></p>","<p><span>A velvet cupped corset with boning and pronounced side panels forms a sharp, sculptural silhouette, accentuating the waist and creating refined structural architecture. <br></span>Special attention is drawn to the décolleté, adorned with voluminous handcrafted poppies. <br><span>Each flower is meticulously shaped to convey the natural plasticity of petals, depth of color, and vivid emotion.<span class=""Apple-converted-space""> </span></span></p>
<p>The skirt features exquisite inserted wedges at the hem, adding lightness and dynamic movement. <br><span>This cut forms a beautiful flared silhouette, highlighting femininity and creating a smooth blooming effect when walking. <br></span><span>It perfectly merges comfort with elegance, lending the look a sophisticated touch.</span></p>
<p>A striking look that creates a delicate contrast between understated architecture and sensual decorativeness.<br><span></span></p>"
b8e535ed-25dc-459c-aec4-df4d5eab3c32,skarlet-echo,Skarlet Echo,true,"<p><span>Піджак із V-подібним вирізом на запах із внутрішніми закльопками формує чисту, лаконічну лінію силуету. <br></span><span>Рельєфи спереду та позаду переходять у внутрішні складки, які створюють виразну архітектурну форму, підкреслюють талію та додають об’єму в зоні стегон, формуючи елегантний, збалансований силует. <br></span>Рукави об’ємні, зі злегка звуженим низом, що надає формі завершеності та витонченості, підкреслюючи лінію руки. <br>Низ піджака та рукавів оздоблений оксамитовою стрічкою у вигляді гілки, доповненою квітами маків ручної роботи. <br><span></span></p>
<p><span>Кожна квітка створюється окремо вручну, після чого делікатно нашивається на виріб, утворюючи живу, пластичну композицію. На створення піджака витрачається близько двох тижнів кропіткої роботи — десятки годин ручної праці, уваги до деталей і майстерності.</span></p>
<p>Спідниця пряма, виконана з костюмної тканини, з асиметричною оксамитовою вставкою напівкльош збоку, яка додає руху та м’якості образу.<br><span></span></p>","<p><span>A V-neck wrap jacket with concealed snap buttons forms a clean, minimalist silhouette line. <br></span><span>Princess seams at the front and back transition into internal pleats, creating a bold architectural shape, accentuating the waist, and adding volume at the hips for an elegant, balanced silhouette. <br></span>The voluminous sleeves subtly taper towards the hem, granting the form completeness and refinement while highlighting the line of the arm. <br>The hem of the jacket and sleeves is adorned with a velvet ribbon shaped like a branch, complemented by handcrafted poppy flowers. <br><span></span></p>
<p><span>Each flower is individually crafted by hand and then delicately sewn onto the garment, forming a vivid, plastic composition. Creating this jacket takes approximately two weeks of meticulous work — dozens of hours of handcrafting, attention to detail, and true artisanship.</span></p>
<p>A straight skirt crafted from suiting fabric features an asymmetrical semi-flared velvet insert on the side, adding movement and softness to the look.<br><span></span></p>"
ae57fc9f-dabb-43f2-ab2b-f999a1b86f86,field-of-memory,Field of Memory,true,"<p><span>Сукня з легкої органзи з застібкою на ґудзики спереду — витончена основа образу, що поєднує прозорість і чіткість ліній. <br></span><span>Рукави зі складками додають об’єму у верхній частині та м’яко звужуються донизу, візуально подовжуючи силует руки. <br></span><span>Нижня частина сукні декорована нашитими квітами маків ручної роботи — кожна деталь створена з особливою увагою, на що витрачено десятки годин кропіткої праці, щоб передати глибину, текстуру та живу емоцію образу.</span></p>
<p>Корсет із чашками, кісточками та вираженими бочками. <br><span>Виконаний із преміального оксамиту, формує чіткий, скульптурний силует, підкреслює талію та створює витончену архітектуру форми.</span></p>
<p>Образ вирізняється дизайнерським характером і балансом між структурою та легкістю, де кожен елемент продуманий до деталей і несе в собі естетику сучасної жіночності.<br><span></span></p>","<p><span>A lightweight organza dress with a front button fastening serves as a refined foundation for the look, blending transparency with crisp lines. <br></span><span>Pleated sleeves add volume at the top and softly taper towards the bottom, visually elongating the arm silhouette. <br></span><span>The lower part of the dress is decorated with sewn-on handcrafted poppy flowers — every detail is crafted with utmost care, demanding dozens of hours of painstaking labor to convey the depth, texture, and vivid emotion of the piece.</span></p>
<p>A cupped corset with boning and pronounced side panels. <br><span>Crafted from premium velvet, it forms a sharp, sculptural silhouette, accentuating the waist and creating refined structural architecture.</span></p>
<p>The look stands out with its signature designer character and a perfect balance between structure and lightness, where every element is meticulously considered, embodying the aesthetics of modern femininity.<br><span></span></p>"
7a8182d5-01bc-4832-9bb9-7bc18dc2d4fa,baska-nocta,Баска Nocta,true,,
473ec08b-1ad0-42da-9ed3-3daf9c908397,suknya-nocta,Nocta,true,,
2385f45b-e4ab-4ace-99c4-194fb2d73f9f,spidnytsya-petalia-veil,Спідниця Petalia,true,,
066c7bac-8a29-434f-8b30-917cc2551a6f,bluza-petalia-veil,Блуза Veil / Noir,true,"<p><span>Блуза з легкої органзи має вільний силует і об’ємні рукави зі зборами, що формують м’який скульптурний об’єм. <br></span><span>Рукави завершені подовженими манжетами, що додають образу глибини та тактильної виразності. <br></span><span>Застібається спереду на планку з прихованими кнопками, зберігаючи чистоту ліній.<span class=""Apple-converted-space""> </span></span></p>
<p><span>Комір витягнутої форми підкреслює вертикаль силуету та додає образу стриманої інтелігентності.</span></p>","<p><span>The lightweight organza blouse features a loose silhouette and voluminous gathered sleeves that form a soft sculptural volume. <br></span><span>The sleeves are finished with elongated cuffs, adding depth and tactile expressiveness to the look. <br></span><span>Fastens at the front with a concealed snap placket, preserving the purity of its lines.<span class=""Apple-converted-space""> </span></span></p>
<p><span>The elongated collar emphasizes the verticality of the silhouette and lends the piece an air of understated elegance.</span></p>"
4c2391cd-44d4-46d8-861f-029c767d5b41,keyp-pavera,Кейп Poppire,true,,
94cd4701-f8f6-43fc-a7cc-5718c51bb362,suknya-velora,Velora,true,,
820e1654-523a-4feb-a0cb-4e8e1fd73528,spidnytsya-atrum,Спідниця Atrum,true,,
f76e5b98-c123-4602-8032-a50ae6e43bb3,zhaket-atrum,Жакет Atrum,true,,
a08d85bd-c569-4300-aa5d-f7ccc23d448e,spidnytsya-lumen,Спідниця Lumen,true,,
c225a39d-aaaf-42c8-aeeb-99e91afb583f,bluza-umbra,Блуза Umbra,true,,
88b5073f-5bf0-4789-99d8-e0c4ec74c92b,shtany-noir-identity,Штани Noir Identity,true,"<p><strong>Класичні приталені штани</strong> з високою посадкою візуально подовжують силует, створюючи ефект довгих ніг і витонченої вертикалі. <br><span>Декоративні прострочки по канту додають графічності та ритму, підкреслюючи чистоту форм і завершеність образу.</span></p>","<p><strong>Classic tailored high-waisted trousers</strong> visually elongate the silhouette, creating the illusion of endless legs and a refined vertical line. <br><span>Decorative edge stitching adds graphic appeal and rhythm, highlighting the purity of forms and the completeness of the look.</span></p>"
88698104-6fac-491b-8695-49cda5aafc8e,pidzhak-noir-identity,Піджак Noir Identity,true,"<p class=""p1""><strong>Піджак</strong> із V-подібним вирізом на запах із внутрішніми закльопками формує чисту, лаконічну лінію силуету.</p>
<p class=""p1"">Рельєфи спереду та позаду переходять у внутрішні складки, які створюють виразну архітектурну форму, підкреслюють талію та додають об’єму в зоні стегон, формуючи елегантний, збалансований силует.</p>
<p class=""p1"">Рукави об’ємні, зі злегка звуженим низом, що надає формі завершеності та витонченості, підкреслюючи лінію руки.</p>
<p class=""p1"">Піджак виконаний із вишуканого поєднання двох тканин: щільної костюмної, що тримає форму та забезпечує чіткість силуету, і сатину в авторський принт «Маки», який делікатно інтегрується в конструкцію, додаючи образу глибини, світлової гри та художнього звучання. Контраст фактур створює ефект багатошаровості, перетворюючи виріб на виразний дизайнерський об’єкт із характером.</p>
<p class=""p1"">Особливу роль відіграє роз’ємний комір — акцентний, графічний, із чіткою лінією, який трансформує настрій виробу: від стриманої класики до більш виразного, подіумного звучання.</p>","<p class=""p1""><strong>A V-neck wrap jacket</strong> with concealed snap buttons forms a clean, minimalist silhouette line.</p>
<p class=""p1"">Princess seams at the front and back transition into internal pleats, creating a bold architectural shape, accentuating the waist, and adding volume at the hips for an elegant, balanced silhouette.</p>
<p class=""p1"">The voluminous sleeves subtly taper towards the hem, granting the form completeness and refinement while highlighting the line of the arm.</p>
<p class=""p1"">The jacket is crafted from an exquisite blend of two fabrics: dense suiting fabric that holds the shape and ensures silhouette precision, and satin featuring the signature ""Poppies"" print, which integrates delicately into the structure, adding depth, an interplay of light, and artistic resonance. The textural contrast creates a layered effect, transforming the garment into an expressive designer object with true character.</p>
<p class=""p1"">The detachable collar plays a pivotal role — graphic, bold, and sharply defined, it transforms the mood of the piece: from understated classicism to a more striking, runway-ready aesthetic.</p>"
dc781c30-2d84-49bb-9912-e67c96bf676f,shtany-dust-bloom,Штани Dust Bloom,true,"<p class=""p1""><b>Класичні штани</b> вільного крою з кишенями, гульфіком і замком спереду. Декоративні складки на передній частині додають об’єму, створюючи плавну, витончену лінію силуету та підкреслюючи продуману конструкцію виробу.</p>","<p class=""p1""><b>Classic loose-fitting trousers</b> featuring pockets, a fly, and a front zipper. Decorative pleats at the front add volume, creating a smooth, refined silhouette line and emphasizing the garment's thoughtfully engineered construction.</p>"
b50136f2-c2ba-41b9-a4a0-eda501e0a541,pidzhak-dust-bloom,Піджак Dust Bloom,true,"<p class=""p1""><b>Укорочений жакет</b> з костюмної тканини з чіткою лінією плечей і витонченою геометрією верху. Об’ємні рукави додають глибини й м’якої драматургії, врівноважуючи відкриту талію.</p>
<p class=""p1"">Особливий акцент — <b>комір</b> з тієї ж тканини в поєднанні з мереживом.</p>
<p class=""p1"">Подовжена форма з м’якими округлими лініями створює витягнутий силует, поєднуючи графічність конструкції та ніжність мережива.</p>
<p class=""p1"">Цей елемент додає образу авторського характеру та виразності.</p>","<p class=""p1""><b>A cropped jacket</b> crafted from suiting fabric features a sharp shoulder line and refined upper geometry. Voluminous sleeves add depth and soft dramatics, perfectly balancing the exposed waistline.</p>
<p class=""p1"">A special focal point is the <b>collar</b>, made from the same fabric combined with lace.</p>
<p class=""p1"">Its elongated shape with softly rounded lines creates an extended silhouette, merging structural precision with the delicacy of lace.</p>
<p class=""p1"">This element infuses the look with an unmistakable signature character and expressiveness.</p>"
8f34ddec-2feb-47f0-82b4-b309182c7c88,shtany-soft-bloom-couture,Штани Soft Bloom Couture,true,"<p class=""p1""><b>Кльош-штани з мережива</b> з декорованою вишивкою, під якими приховані короткі шорти з костюмної тканини. Висока посадка витягує силует, а плавне розширення від коліна створює елегантну лінію руху.</p>","<p class=""p1""><b>Flared lace trousers</b> adorned with embroidery discreetly conceal short suiting fabric shorts beneath. The high rise elongates the silhouette, while the smooth flare from the knee creates an elegant line of movement.</p>"
d30258cb-6b03-4ff8-b951-f966c58462bb,komir-soft-bloom-couture,Комір Soft Bloom Couture,true,"<p class=""p1"">Цей образ переосмислює класичні форми через текстуру та деталь: стриманий, інтелігентний і водночас виразний. Дизайнерський задум підкреслює витончену елегантність, а якісне мереживо з ручною вишивкою робить виріб справді особливим.</p>","<p class=""p1"">This look reimagines classic forms through texture and detail: understated, intellectual, and incredibly striking. The designer's vision underscores refined elegance, while the high-quality lace with handcrafted embroidery makes this piece truly exceptional.</p>"
8a5292bd-05d9-4a0f-a7f5-8e062c681bbe,pidzhak-soft-bloom-couture,Піджак Soft Bloom Couture,true,"<p class=""p1""><strong>Двобортний подовжений піджак</strong></p>
<p class=""p1"">із костюмної тканини з чітким силуетом і виразною лінією плечей. Об’ємні рукави та комір із лацканами створюють стриманий, але впевнений образ. Спереду – дві декоративні клапани та застібка на ґудзики, що додають елегантного акценту.</p>
<p class=""p1""><b>Особлива родзинка — роз’ємний комір</b>, виконаний із костюмної тканини у поєднанні з фактурним мереживом.</p>
<p class=""p1"">Подовжені, м’яко окреслені краї спадають на плечі, формуючи ефект легкої накидки.</p>","<p class=""p1""><strong>An elongated double-breasted jacket</strong></p>
<p class=""p1"">crafted from suiting fabric features a sharp silhouette and a bold shoulder line. Voluminous sleeves and a lapel collar create an understated yet confident look. The front boasts two decorative flaps and button fastenings, adding an elegant accent.</p>
<p class=""p1""><b>The standout feature is the detachable collar</b>, executed in suiting fabric combined with textured lace.</p>
<p class=""p1"">The elongated, softly defined edges drape over the shoulders, creating the effect of a delicate cape.</p>"
011b3a5e-e51d-4498-8988-4fc263cc1b62,spidnytsya-velvet-icon,Спідниця Velvet Icon / Linea,true,"<p class=""p1"">Спідниця з витонченими вставними клинами понизу, які додають легкості та динаміки руху.</p>
<p class=""p1"">Такий крій формує красивий розкльошений силует, підкреслює жіночність і створює ефект плавного розкриття при ходьбі.</p>
<p class=""p1"">Ідеально поєднує комфорт і елегантність, додаючи образу вишуканості.</p>
<p class=""p1""><em>Виразний образ, що створює делікатний контраст між стриманою архітектурою та чуттєвою декоративністю.</em></p>","<p class=""p1"">The skirt features exquisite inserted wedges at the hem, adding lightness and dynamic movement.</p>
<p class=""p1"">This cut forms a beautiful flared silhouette, highlighting femininity and creating a smooth blooming effect when walking.</p>
<p class=""p1"">It perfectly merges comfort with elegance, lending the look a sophisticated touch.</p>
<p class=""p1""><em>A striking look that creates a delicate contrast between understated architecture and sensual decorativeness.</em></p>"
bfd36075-7378-4b89-a501-d980a1bd2051,korset-velvet-icon,Корсет Velvet Icon,true,"<p class=""p1"">Корсет оксамитовий із чашками, кісточками та вираженими бочками формує чіткий, скульптурний силует, підкреслює талію та створює витончену архітектуру форми.</p>
<p class=""p1"">Особлива увага зосереджена на декольте, оздобленому об’ємними маками ручної роботи.</p>
<p class=""p1"">Кожна квітка ретельно сформована, щоб передати природну пластику пелюсток, глибину кольору та живу емоцію.</p>","<p class=""p1"">A velvet cupped corset with boning and pronounced side panels forms a sharp, sculptural silhouette, accentuating the waist and creating refined structural architecture.</p>
<p class=""p1"">Special attention is drawn to the décolleté, adorned with voluminous handcrafted poppies.</p>
<p class=""p1"">Each flower is meticulously shaped to convey the natural plasticity of petals, depth of color, and vivid emotion.</p>"
aab7b13b-901b-4ece-835b-f40e8e7fb1fe,spidnytsya-scarlet-echo,Спідниця Scarlet Echo,true,"<p class=""p1"">Спідниця пряма, виконана з костюмної тканини, з асиметричною оксамитовою вставкою напівкльош збоку, яка додає руху та м’якості образу.</p>","<p class=""p1"">A straight skirt crafted from suiting fabric features an asymmetrical semi-flared velvet insert on the side, adding movement and softness to the look.</p>"
2f9353f7-1401-4450-8d3f-a4ef144d9280,pidzhak-scarlet-echo,Піджак Scarlet Echo,true,"<p class=""p1"">Піджак із V-подібним вирізом на запах із внутрішніми закльопками формує чисту, лаконічну лінію силуету.</p>
<p class=""p1"">Рельєфи спереду та позаду переходять у внутрішні складки, які створюють виразну архітектурну форму, підкреслюють талію та додають об’єму в зоні стегон, формуючи елегантний, збалансований силует.</p>
<p class=""p1"">Рукави об’ємні, зі злегка звуженим низом, що надає формі завершеності та витонченості, підкреслюючи лінію руки.</p>
<p class=""p1"">Низ піджака та рукавів оздоблений оксамитовою стрічкою у вигляді гілки, доповненою квітами маків ручної роботи.</p>
<p class=""p1"">Кожна квітка створюється окремо вручну, після чого делікатно нашивається на виріб, утворюючи живу, пластичну композицію. На створення піджака витрачається близько двох тижнів кропіткої роботи — десятки годин ручної праці, уваги до деталей і майстерності.</p>","<p class=""p1"">A V-neck wrap jacket with concealed snap buttons forms a clean, minimalist silhouette line.</p>
<p class=""p1"">Princess seams at the front and back transition into internal pleats, creating a bold architectural shape, accentuating the waist, and adding volume at the hips for an elegant, balanced silhouette.</p>
<p class=""p1"">The voluminous sleeves subtly taper towards the hem, granting the form completeness and refinement while highlighting the line of the arm.</p>
<p class=""p1"">The hem of the jacket and sleeves is adorned with a velvet ribbon shaped like a branch, complemented by handcrafted poppy flowers.</p>
<p class=""p1"">Each flower is individually crafted by hand and then delicately sewn onto the garment, forming a vivid, plastic composition. Creating this jacket takes approximately two weeks of meticulous work — dozens of hours of handcrafting, attention to detail, and true artisanship.</p>"
58c45575-d0c5-462f-9769-ad2c96126703,bluza-field-of-memory,Корсет Field of Memory / Velour Poetry,true,"<p class=""p1"">Корсет із чашками, кісточками та вираженими бочками.</p>
<p class=""p1"">Виконаний із преміального оксамиту, формує чіткий, скульптурний силует, підкреслює талію та створює витончену архітектуру форми.</p>
<p class=""p2"">Образ вирізняється дизайнерським характером і балансом між структурою та легкістю, де кожен елемент продуманий до деталей і несе в собі естетику сучасної жіночності.</p>","<p class=""p1"">A cupped corset with boning and pronounced side panels.</p>
<p class=""p1"">Crafted from premium velvet, it forms a sharp, sculptural silhouette, accentuating the waist and creating refined structural architecture.</p>
<p class=""p2"">The look stands out with its signature designer character and a perfect balance between structure and lightness, where every element is meticulously considered, embodying the aesthetics of modern femininity.</p>"
c077c422-8b32-4a9c-a841-7ef8d24c65e9,suknya-field-of-memory,Сукня Field of Memory,true,"<p class=""p1"">Сукня з легкої органзи з застібкою на ґудзики спереду — витончена основа образу, що поєднує прозорість і чіткість ліній.</p>
<p class=""p1"">Рукави зі складками додають об’єму у верхній частині та м’яко звужуються донизу, візуально подовжуючи силует руки.</p>
<p class=""p1"">Нижня частина сукні декорована нашитими квітами маків ручної роботи — кожна деталь створена з особливою увагою, на що витрачено десятки годин кропіткої праці, щоб передати глибину, текстуру та живу емоцію образу.</p>
<p class=""p1"">Образ вирізняється дизайнерським характером і балансом між структурою та легкістю, де кожен елемент продуманий до деталей і несе в собі естетику сучасної жіночності.</p>","<p class=""p1"">A lightweight organza dress with a front button fastening serves as a refined foundation for the look, blending transparency with crisp lines.</p>
<p class=""p1"">Pleated sleeves add volume at the top and softly taper towards the bottom, visually elongating the arm silhouette.</p>
<p class=""p1"">The lower part of the dress is decorated with sewn-on handcrafted poppy flowers — every detail is crafted with utmost care, demanding dozens of hours of painstaking labor to convey the depth, texture, and vivid emotion of the piece.</p>
<p class=""p1"">The look stands out with its signature designer character and a perfect balance between structure and lightness, where every element is meticulously considered, embodying the aesthetics of modern femininity.</p>"
7c0a7594-a28f-4899-9997-d8d8c7c4d763,gift-certificate-from-nadiya-dumka,Подарунковий сертифікат від Надії Думки,true,"<p>Не знаєте, що подарувати близькій людині? <br>Подарунковий сертифікат від Надії Думки — завжди правильний вибір. <br>Він дарує свободу обрати саме те, що принесе радість. <br><br>Виберіть номіналь сертифіката від 1 000 грн і подаруйте справді приємний досвід покупок.</p>","<p>Not sure what to gift a loved one? <br>A gift certificate from Nadiya Dumka is always the perfect choice. <br>It offers the ultimate freedom to choose exactly what brings joy. <br><br>Select a certificate value starting from 1,000 UAH and gift a truly delightful shopping experience.</p>"
251abf20-80ce-4c12-b2f0-ba8c54270bbd,urban-pulse,Жакет Urban Pulse,true,"<p>Двобортний вкорочений жакет, із широкими лацканами та опущеною лінією плеча.<br>Виконаний із мʼякого твіду.<br>Декорований шкіряними відворотами та манжетами, що прошиті декоративними швами.<br>Застібка спереду на ґудзики.</p>
<p>Класичні шорти, із преміальної екошкіри, з високою посадкою та врізними кишенями.<br>Декоровані прошитими строчками спереду.<br>Оздоблені широким поясом (5 см), що прошитий декорованими нитками.<br>Застібка на потаємний замок позаду.</p>
<p><strong>СКЛАД</strong></p>
<p><strong><em>Твід</em></strong>: бавовна-100%</p>
<p><strong><em>Екошкіра</em></strong>: поліестер-65%; поліуретан-35%</p>
<p><strong><em>Підклада</em></strong>: віскоза-100%</p>","<p>A cropped double-breasted jacket featuring wide lapels and a dropped shoulder line.<br>Crafted from soft tweed.<br>Decorated with leather lapel trims and cuffs detailed with decorative topstitching.<br>Front button fastening.</p>
<p>Classic shorts made of premium faux leather, featuring a high rise and welt pockets.<br>Detailed with stitched seams at the front.<br>Finished with a wide waistband (5 cm) adorned with decorative topstitching.<br>Concealed back zipper fastening.</p>
<p><strong>COMPOSITION</strong></p>
<p><strong><em>Tweed</em></strong>: cotton 100%</p>
<p><strong><em>Faux Leather</em></strong>: polyester 65%; polyurethane 35%</p>
<p><strong><em>Lining</em></strong>: viscose 100%</p>"
bf6fe099-cf53-4611-a66c-51957c3e8454,spidnytsya-silent-power-skulpted-grace,Спідниця Silent Power / Skulpted Grace,true,"<p>Спідниця класичного приталеного крою.<br>Міді-довжина підкреслює пропорції, а глибокий розріз позаду додає руху.<br>Застібка — потаємна блискавка.</p>
<p><strong>СКЛАД</strong></p>
<p><em><strong>Твід</strong></em>: бавовна-100%</p>
<p><em><strong>Підклада</strong></em>: віскоза-100%</p>","<p>A classic fitted skirt.<br>The midi length accentuates proportions, while a deep back slit adds movement.<br>Fastens with a concealed zipper.</p>
<p><strong>COMPOSITION</strong></p>
<p><em><strong>Tweed</strong></em>: cotton 100%</p>
<p><em><strong>Lining</strong></em>: viscose 100%</p>"
830bee47-2c5d-47a8-9cc5-49df92a87ebb,spidnytsya-echo-of-elegance,Спідниця Echo Of Elegance,true,"<p>Спідниця класичного приталеного крою.</p>
<p>Міді-довжина підкреслює елегантність, а центральний розріз додає динаміки та візуально подовжує ноги.<br>Застібка — потаємна блискавка ззаду.</p>
<p><strong>СКЛАД</strong></p>
<p><strong><em>Екошкіра</em></strong>: поліестер-65%; поліуретан-35%</p>
<p><strong><em>Підклада</em></strong>: віскоза-100%</p>
<p><strong>ЛИШЕ СУХА ХІМЧИСТКА!</strong></p>","<p>A classic fitted skirt.</p>
<p>The midi length underscores elegance, while a center slit adds dynamic movement and visually elongates the legs.<br>Fastens with a concealed back zipper.</p>
<p><strong>COMPOSITION</strong></p>
<p><strong><em>Faux Leather</em></strong>: polyester 65%; polyurethane 35%</p>
<p><strong><em>Lining</em></strong>: viscose 100%</p>
<p><strong>DRY CLEAN ONLY!</strong></p>"
049d4cdc-1a60-4843-ac83-11d010bbd332,spidnytsya-midnight-balance,Спідниця Midnight Balance,true,"<p>Спідниця класичного приталеного крою.<br>Виконана із фактурної екошкіри, із квітковим тисненням.<br>Міді-довжина підкреслює елегантність, а центральний розріз додає динаміки та візуально подовжує ноги.<br>Застібка — потаємна блискавка ззаду.</p>
<p><strong>СКЛАД</strong></p>
<p>поліестер-65%; поліуретан-35%</p>
<p><strong>ЛИШЕ СУХА ХІМЧИСТКА!</strong></p>","<p>A classic fitted skirt.<br>Crafted from textured faux leather featuring a floral embossed pattern.<br>The midi length underscores elegance, while a center slit adds dynamic movement and visually elongates the legs.<br>Fastens with a concealed back zipper.</p>
<p><strong>COMPOSITION</strong></p>
<p>polyester 65%; polyurethane 35%</p>
<p><strong>DRY CLEAN ONLY!</strong></p>"
d75436d2-e702-4437-b6f2-23f09fe652e1,shtany-feminine-armor,Штани Feminine Armor,true,"<p>Штани розкльошеного крою, із фактурної екошкіри преміумкласу.<br>Вибудовують елегантну вертикаль, що підкреслює стрункість, додаючи образам гармонійних пропорцій.</p>
<p><strong>СКЛАД</strong></p>
<p>поліестер-65%; поліуретан-35%</p>
<p><strong>ТІЛЬКИ СУХА ХІМЧИСТКА!</strong></p>","<p>Flared trousers, crafted from premium textured faux leather.<br>They build an elegant vertical line that highlights a slender figure, lending harmonious proportions to the look.</p>
<p><strong>COMPOSITION</strong></p>
<p>polyester 65%; polyurethane 35%</p>
<p><strong>DRY CLEAN ONLY!</strong></p>"
1c0fbf86-f787-48ec-ab3a-fccee8daeefa,shtany-whispered-shape,Штани Whispered Shape,true,"<p>Штани-кльош, з високою посадкою.<br>Створюють стильний і витончений силует.<br>Виконані з поєднанням текстурної твідової тканини та гладкої екошкіри, що надає образам неповторного контрасту.<br>Застібка – потаємна блискавка.</p>
<p><strong>СКЛАД</strong></p>
<p><em><strong>Твід</strong></em>: бавовна-100%</p>
<p><em><strong>Екошкіра</strong></em>: поліестер-65%; поліуретан-35%</p>
<p><em><strong>Підклада</strong>:<span> </span></em>віскоза-100%</p>
<p><strong>ТІЛЬКИ СУХА ХІМЧИСТКА!</strong></p>","<p>High-waisted flared trousers.<br>They create a stylish and refined silhouette.<br>Crafted from a blend of textured tweed and smooth faux leather, lending the look an unmistakable contrast.<br>Fastens with a concealed zipper.</p>
<p><strong>COMPOSITION</strong></p>
<p><em><strong>Tweed</strong></em>: cotton 100%</p>
<p><em><strong>Faux Leather</strong></em>: polyester 65%; polyurethane 35%</p>
<p><em><strong>Lining</strong>:<span> </span></em>viscose 100%</p>
<p><strong>DRY CLEAN ONLY!</strong></p>"
a95903b6-2c43-4dc1-920b-5b034ae9e34c,pidzhak-shades-of-confidence,Піджак Shades Of Confidence,true,"<p>Двобортний піджак, із відворотами та лацканами.<br>Виконано з поєднанням текстурної твідової тканини та гладкої екошкіри, що надає образу неповторного контрасту.<br>Розрізи на рукавах створюють делікатний акцент, а талія підкреслена конструктивними защіпками, що формують м’які складки й окреслюють жіночність ліній.</p>
<p>Підкладка — принтована, контрастна, проглядає під час руху, додаючи глибини та характеру.</p>
<p>Стилізований дизайнерською баскою, з анімалістичним принтом, на плечі, що створює ефект асиметрії та додає образу виразності.</p>
<p><strong>СКЛАД</strong></p>
<p><em><strong>Твід</strong></em>: бавовна-100%</p>
<p><em><strong>Екошкіра</strong></em>: поліестер-65%; поліуретан-35%</p>
<p><strong><em>Підклада</em></strong>: віскоза-100%</p>
<p>ВАРТІСТЬ ПІДЖАКА ВКАЗАНО БЕЗ ВАРТОСТІ БАСКИ</p>","<p>A double-breasted jacket featuring lapels and a classic collar.<br>Crafted from a blend of textured tweed and smooth faux leather, lending the look an unmistakable contrast.<br>Sleeve slits create a delicate accent, while the waist is defined by engineered darts that form soft pleats, highlighting the feminine lines.</p>
<p>The lining—printed and contrasting—peeks through during movement, adding depth and character.</p>
<p>Styled with a designer basque featuring an animal print draped over the shoulder, creating an asymmetrical effect and bringing bold expressiveness to the look.</p>
<p><strong>COMPOSITION</strong></p>
<p><em><strong>Tweed</strong></em>: cotton 100%</p>
<p><em><strong>Faux Leather</strong></em>: polyester 65%; polyurethane 35%</p>
<p><strong><em>Lining</em></strong>: viscose 100%</p>
<p>THE JACKET PRICE DOES NOT INCLUDE THE BASQUE</p>"
5edecc19-a8ef-46be-9082-48673f7c7c87,shtany-inner-flame,Штани Inner Flame,true,"<p>Штани з гладкої преміальної екошкіри мають високу посадку та бокові розрізи внизу, що забезпечують комфорт руху й візуально подовжують силует.</p>
<p>Модель доповнена принтованою підкладою.</p>
<p>Продумана конструкція і точність крою забезпечують ідеальну посадку та комфорт у русі.</p>
<p><strong>СКЛАД</strong></p>
<p><b><i>Екошкіра</i></b>: поліестер-65%; поліуретан-35%</p>
<p><strong>Підклада</strong>: віскоза-100%</p>
<p><strong>ТІЛЬКИ СУХА ХІМЧИСТКА!</strong></p>","<p>Trousers crafted from smooth premium faux leather feature a high rise and side slits at the hem, ensuring ease of movement and visually elongating the silhouette.</p>
<p>The model is finished with a printed lining.</p>
<p>A thoughtfully engineered construction and precision tailoring guarantee a flawless fit and comfort in motion.</p>
<p><strong>COMPOSITION</strong></p>
<p><b><i>Faux Leather</i></b>: polyester 65%; polyurethane 35%</p>
<p><strong>Lining</strong>: viscose 100%</p>
<p><strong>DRY CLEAN ONLY!</strong></p>"
e5d4eeab-6f25-41b0-815a-4c625088dce9,komplekt-feminine-armor,Feminine Armor,true,"<p>Силуетний двобортний жилет, приталеного крою, з відворотами та лацканами.<br>Виконаний із преміальної фактурної екошкіри, з тисненням, що нагадує структуру рептилії.<br>Бокові складки формують витончену лінію талії.<br>Застібка спереду на два ґудзики.</p>
<p>Штани розкльошеного крою, із фактурної екошкіри преміумкласу.<br>Вибудовують елегантну вертикаль, що підкреслює стрункість, додаючи образу гармонійних пропорцій.</p>
<p>Блуза, з об’ємними рукавами, видовженими манжетами та акцентним загостреним коміром додає вишуканості та графічності.</p>
<p><strong>СКЛАД ЕКОШКІРИ</strong></p>
<p>поліестер-65%; поліуретан-35%</p>
<p><strong>СКЛАД БЛУЗИ</strong></p>
<p>котон-95%; еластан-5%</p>
<p><strong>ТІЛЬКИ СУХА ХІМЧИСТКА!</strong></p>","<p>A fitted double-breasted vest with lapels and a tailored cut.<br>Crafted from premium textured faux leather featuring reptile-like embossing.<br>Side pleats form a refined waistline.<br>Two-button front fastening.</p>
<p>Flared trousers, crafted from premium textured faux leather.<br>They build an elegant vertical line that highlights a slender figure, lending harmonious proportions to the look.</p>
<p>The blouse, featuring voluminous sleeves, elongated cuffs, and a bold pointed collar, adds sophistication and graphic precision.</p>
<p><strong>FAUX LEATHER COMPOSITION</strong></p>
<p>polyester 65%; polyurethane 35%</p>
<p><strong>BLOUSE COMPOSITION</strong></p>
<p>cotton 95%; elastane 5%</p>
<p><strong>DRY CLEAN ONLY!</strong></p>"
0baa77bb-2187-4942-813e-91b16dd6f536,keyp-art-of-restraint,Кейп Art Of Restraint,true,"<p>Розкішний кейп, із відворотами, лацканами та двома клапанами спереду.<br>Виконаний із мʼякого твіду.<br>Підкладка — анімалістична, контрастна, проглядає під час руху, додаючи глибини та характеру.<br>Пояс додає образу завершеності та можливість варіювати стилі.</p>
<p><strong>СКЛАД</strong></p>
<p><em><strong>Твід</strong></em>: бавовна-100%</p>
<p><em><strong>Підклада</strong></em>: віскоза-100%</p>","<p>A luxurious cape featuring lapels and two front flaps.<br>Crafted from soft tweed.<br>The lining—animalistic and contrasting—peeks through during movement, adding depth and character.<br>The belt brings a polished finish to the look and offers versatile styling options.</p>
<p><strong>COMPOSITION</strong></p>
<p><em><strong>Tweed</strong></em>: cotton 100%</p>
<p><em><strong>Lining</strong></em>: viscose 100%</p>"
57f94f1d-3b51-40ff-971d-fb8531458731,zhyletka-midnight-balance,Жилетка Midnight Balance,true,"<p>Двобортний силуетний жилет, із V-подібним вирізом.<br>Талія підкреслена конструктивними защіпками, які формують делікатні складки й додають фігурі виразності.<br>Декорований розʼємним шкіряним коміром, із квітковим тисненням, що застібається на ґудзики.</p>
<p><strong>СКЛАД</strong></p>
<p>поліестер-65%; поліуретан-35%</p>
<p><strong>ЛИШЕ СУХА ХІМЧИСТКА!</strong></p>","<p>A double-breasted fitted vest with a V-neckline.<br>The waist is defined by engineered darts that form delicate pleats, adding bold expression to the figure.<br>Decorated with a detachable leather collar featuring floral embossing, fastening with buttons.</p>
<p><strong>COMPOSITION</strong></p>
<p>polyester 65%; polyurethane 35%</p>
<p><strong>DRY CLEAN ONLY!</strong></p>"
c0825314-ce3b-4d18-9336-28e683930342,pidzhak-sculpted-grace,Піджак Sculpted Grace,true,"<p>Двобортний піджак, виконаний із м’якого твіду.<br>Відвороти та широкі лацкани формують чіткий силует.<br>Розрізи на рукавах створюють делікатний акцент, а талія підкреслена конструктивними защіпками, що формують м’які складки й окреслюють жіночність ліній.<br>Підкладка — принтована, контрастна, проглядає під час руху, додаючи глибини та характеру.<br>Дизайнерська баска, з анімалістичним принтом, завʼязується позаду й візуально структурує талію.</p>
<p><strong>СКЛАД</strong></p>
<p><em><strong>Твід</strong></em>: бавовна-100%</p>
<p><em><strong>Підклада</strong></em>: віскоза-100%</p>
<p>ВАРТІСТЬ КОСТЮМУ ВКАЗАНО БЕЗ ВАРТОСТІ БАСКИ.</p>","<p>A double-breasted jacket crafted from soft tweed.<br>Lapels and wide collars define a sharp silhouette.<br>Sleeve slits create a delicate accent, while the waist is defined by engineered darts that form soft pleats, highlighting the feminine lines.<br>The lining—printed and contrasting—peeks through during movement, adding depth and character.<br>A designer basque with an animal print ties at the back, visually structuring the waist.</p>
<p><strong>COMPOSITION</strong></p>
<p><em><strong>Tweed</strong></em>: cotton 100%</p>
<p><em><strong>Lining</strong></em>: viscose 100%</p>
<p>THE SUIT PRICE DOES NOT INCLUDE THE BASQUE.</p>"
4dff4e3e-4a2d-4d2f-8779-cfbf611e50ca,pidzhak-silent-power,Піджак Silent Power,true,"<p>Двобортний піджак, виконаний із м’якого твіду.<br>Відвороти та широкі лацкани формують чіткий силует.<br>Розрізи на рукавах створюють делікатний акцент, а талія підкреслена конструктивними защіпками, що формують м’які складки й окреслюють жіночність ліній.<br>Дизайнерська баска, зі шкіряною вставкою, завʼязується позаду й візуально структурує талію.</p>
<p><strong>СКЛАД</strong></p>
<p><em><strong>Твід</strong></em>: бавовна-100%</p>
<p><em><strong>Підклада</strong></em>: віскоза-100%</p>
<p>ВАРТІСТЬ ПІДЖАКА ВКАЗАНО БЕЗ ВАРТОСТІ БАСКИ.</p>","<p>A double-breasted jacket crafted from soft tweed.<br>Lapels and wide collars define a sharp silhouette.<br>Sleeve slits create a delicate accent, while the waist is defined by engineered darts that form soft pleats, highlighting the feminine lines.<br>A designer basque with a leather insert ties at the back, visually structuring the waist.</p>
<p><strong>COMPOSITION</strong></p>
<p><em><strong>Tweed</strong></em>: cotton 100%</p>
<p><em><strong>Lining</strong></em>: viscose 100%</p>
<p>THE JACKET PRICE DOES NOT INCLUDE THE BASQUE.</p>"
350067e5-42ed-4c3e-81e8-d54c885d768f,zhaket-echo-of-elegance,Жакет Echo of Elegance,true,"<p>Двобортний силуетний жакет, із V-подібним вирізом та м’яко окресленою лінією плеча.</p>
<p>Талія підкреслена конструктивними защіпками, які формують делікатні складки й додають фігурі виразності.</p>
<p>Рукави — об’ємні у верхній частині, з м’яким округленням внизу.<br>Підкладка — принтована, контрастна, проглядає під час руху, додаючи глибини та характеру.</p>
<p>Декорований розʼємним замшевим коміром, із шкіряною вставкою та декоративними прострочками, що застібається на ґудзики.</p>
<p><strong>СКЛАД</strong></p>
<p><strong><em>Екошкіра</em></strong>: поліестер-65%; поліуретан-35%</p>
<p><strong><em>Підклада</em></strong>: віскоза-100%</p>
<p><strong>ЛИШЕ СУХА ХІМЧИСТКА!</strong></p>","<p>A double-breasted fitted jacket featuring a V-neckline and a softly defined shoulder line.</p>
<p>The waist is defined by engineered darts that form delicate pleats, adding bold expression to the figure.</p>
<p>The sleeves are voluminous at the top, finishing with a soft rounding at the hem.<br>The lining—printed and contrasting—peeks through during movement, adding depth and character.</p>
<p>Decorated with a detachable suede collar featuring a leather insert and decorative topstitching, fastening with buttons.</p>
<p><strong>COMPOSITION</strong></p>
<p><strong><em>Faux Leather</em></strong>: polyester 65%; polyurethane 35%</p>
<p><strong><em>Lining</em></strong>: viscose 100%</p>
<p><strong>DRY CLEAN ONLY!</strong></p>"
46b2657a-6d29-4203-bc30-7dfe6f01285f,zhaket-whispered-shape,Жакет Whispered Shape,true,,
3eb40cad-477d-4f59-a6ac-ddcd0c998566,sculpted-grace,Sculpted Grace,true,"<p>Двобортний піджак, виконаний із м’якого твіду.<br>Відвороти та широкі лацкани формують чіткий силует.<br>Розрізи на рукавах створюють делікатний акцент, а талія підкреслена конструктивними защіпками, що формують м’які складки й окреслюють жіночність ліній.<br>Підкладка — принтована, контрастна, проглядає під час руху, додаючи глибини та характеру.<br>Дизайнерська баска, з анімалістичним принтом, завʼязується позаду й візуально структурує талію.</p>
<p>Спідниця класичного приталеного крою.<br>Міді-довжина підкреслює пропорції, а глибокий розріз позаду додає руху.<br>Застібка — потаємна блискавка.</p>
<p><strong>СКЛАД</strong></p>
<p><em><strong>Твід</strong></em>: бавовна-100%</p>
<p><em><strong>Підклада</strong></em>: віскоза-100%</p>
<p>ВАРТІСТЬ КОСТЮМУ ВКАЗАНО БЕЗ ВАРТОСТІ БАСКИ.</p>","<p>A double-breasted jacket crafted from soft tweed.<br>Lapels and wide collars define a sharp silhouette.<br>Sleeve slits create a delicate accent, while the waist is defined by engineered darts that form soft pleats, highlighting the feminine lines.<br>The lining—printed and contrasting—peeks through during movement, adding depth and character.<br>A designer basque with an animal print ties at the back, visually structuring the waist.</p>
<p>A classic fitted skirt.<br>The midi length accentuates proportions, while a deep back slit adds movement.<br>Fastens with a concealed zipper.</p>
<p><strong>COMPOSITION</strong></p>
<p><em><strong>Tweed</strong></em>: cotton 100%</p>
<p><em><strong>Lining</strong></em>: viscose 100%</p>
<p>THE SUIT PRICE DOES NOT INCLUDE THE BASQUE.</p>"
5848d981-3ae8-458f-bbe7-46605ed4f7c3,whispered-shape,Whispered Shape,true,"<p>Двобортний силуетний жакет, із V-подібним вирізом та м’яко окресленою лінією плеча.<br>Талія підкреслена конструктивними защіпками, які формують делікатні складки й додають фігурі виразності.<br>Рукави — об’ємні у верхній частині, з м’яким округленням внизу.<br>Підкладка — анімалістична, контрастна, проглядає під час руху, додаючи глибини та характеру.</p>
<p>Стилізований розʼємним шкіряним коміром, який можна придбати в категорії «<em>АКСЕСУАРИ</em>»</p>
<p>Штани-кльош, з високою посадкою, чудово завершують образ, створюючи стильний і витончений силует.</p>
<p>Костюм виконано з поєднанням текстурної твідової тканини та гладкої екошкіри, що надає образу неповторного контрасту .</p>
<p><strong>СКЛАД</strong></p>
<p><em><strong>Твід</strong></em>: бавовна-100%</p>
<p><em><strong>Екошкіра</strong></em>: поліестер-65%; поліуретан-35%</p>
<p><em><strong>Підклада</strong>:<span> </span></em>віскоза-100%</p>
<p><strong>ТІЛЬКИ СУХА ХІМЧИСТКА!</strong></p>","<p>A double-breasted fitted jacket featuring a V-neckline and a softly defined shoulder line.<br>The waist is defined by engineered darts that form delicate pleats, adding bold expression to the figure.<br>The sleeves are voluminous at the top, finishing with a soft rounding at the hem.<br>The lining—animalistic and contrasting—peeks through during movement, adding depth and character.</p>
<p>Styled with a detachable leather collar, which can be purchased in the ""<em>ACCESSORIES</em>"" category.</p>
<p>High-waisted flared trousers perfectly complete the look, creating a stylish and refined silhouette.</p>
<p>The suit is crafted from a blend of textured tweed and smooth faux leather, lending the look an unmistakable contrast.</p>
<p><strong>COMPOSITION</strong></p>
<p><em><strong>Tweed</strong></em>: cotton 100%</p>
<p><em><strong>Faux Leather</strong></em>: polyester 65%; polyurethane 35%</p>
<p><em><strong>Lining</strong>:<span> </span></em>viscose 100%</p>
<p><strong>DRY CLEAN ONLY!</strong></p>"
78a6db60-08e7-42e8-9fdc-0fb7344a2f43,silent-power,Silent Power,true,"<div class=""container"">
<div class=""markdown markdown-main-panel stronger enable-updated-hr-color"" id=""model-response-message-contentr_c83238d4ea303049"" aria-live=""polite"" aria-busy=""false"" dir=""ltr"">
<p>Двобортний жакет, виконаний із м’якого твіду.<br>Відвороти та широкі лацкани формують чіткий силует.<br>Розрізи на рукавах створюють делікатний акцент, а талія підкреслена конструктивними защіпками, що формують м’які складки й окреслюють жіночність ліній.<br>Дизайнерська баска, зі шкіряною вставкою, завʼязується позаду й візуально структурує талію.</p>
<p>Спідниця класичного приталеного крою.<br>Міді-довжина підкреслює пропорції, а глибокий розріз позаду додає руху.<br>Застібка — потаємна блискавка.</p>
<p><strong>СКЛАД</strong></p>
<p><em><strong>Твід</strong></em>: бавовна-100%</p>
<p><em><strong>Підклада</strong></em>: віскоза-100%</p>
<p>ВАРТІСТЬ КОСТЮМУ ВКАЗАНО БЕЗ ВАРТОСТІ БАСКИ.</p>
</div>
</div>","<div class=""container"">
<div class=""markdown markdown-main-panel stronger enable-updated-hr-color"" id=""model-response-message-contentr_c83238d4ea303049"" aria-live=""polite"" aria-busy=""false"" dir=""ltr"">
<p>A double-breasted jacket crafted from soft tweed.<br>Lapels and wide collars define a sharp silhouette.<br>Sleeve slits create a delicate accent, while the waist is defined by engineered darts that form soft pleats, highlighting the feminine lines.<br>A designer basque with a leather insert ties at the back, visually structuring the waist.</p>
<p>A classic fitted skirt.<br>The midi length accentuates proportions, while a deep back slit adds movement.<br>Fastens with a concealed zipper.</p>
<p><strong>COMPOSITION</strong></p>
<p><em><strong>Tweed</strong></em>: cotton 100%</p>
<p><em><strong>Lining</strong></em>: viscose 100%</p>
<p>THE SUIT PRICE DOES NOT INCLUDE THE BASQUE.</p>
</div>
</div>"
45361fcd-d521-4e27-9865-a16ae7cc71c2,art-of-restraint,Art Of Restraint,true,"<p>Розкішний кейп, із відворотами, лацканами та двома клапанами спереду.<br>Виконаний із мʼякого твіду.<br>Підкладка — анімалістична, контрастна, проглядає під час руху, додаючи глибини та характеру.<br>Пояс додає образу завершеності та можливість варіювати стилі.</p>
<p>Штани-кльош, з високою посадкою. Виконані із двох матеріалів — м’якого твіду та гладкої преміальної екошкіри.<br>Граючи на контрасті фактур, створюють відчуття зухвалої розкоші.</p>","<p>A luxurious cape featuring lapels and two front flaps.<br>Crafted from soft tweed.<br>The lining—animalistic and contrasting—peeks through during movement, adding depth and character.<br>The belt brings a polished finish to the look and offers versatile styling options.</p>
<p>High-waisted flared trousers. Crafted from two materials—soft tweed and smooth premium faux leather.<br>Playing on the contrast of textures, they evoke a sense of daring luxury.</p>"
20e98e17-ee4e-41f5-ba32-c8445943bb16,shades-of-confidence,Shades Of Confidence,true,"<p>Двобортний піджак, із відворотами та лацканами.<br>Розрізи на рукавах створюють делікатний акцент, а талія підкреслена конструктивними защіпками, що формують м’які складки й окреслюють жіночність ліній.<br>Підкладка — принтована, контрастна, проглядає під час руху, додаючи глибини та характеру.<br>Стилізований дизайнерською баскою, з анімалістичним принтом, на плечі, що створює ефект асиметрії та додає образу виразності.</p>
<p>Штани-кльош, з високою посадкою, чудово завершують образ, створюючи стильний і витончений силует.</p>
<p>Костюм виконано з поєднанням текстурної твідової тканини та гладкої екошкіри, що надає образу неповторного контрасту .</p>
<p><strong>СКЛАД</strong></p>
<p><em><strong>Твід</strong></em>: бавовна-100%</p>
<p><em><strong>Екошкіра</strong></em>: поліестер-65%; поліуретан-35%</p>
<p><strong><em>Підклада</em></strong>: віскоза-100%</p>
<p>ВАРТІСТЬ КОСТЮМУ ВКАЗАНО БЕЗ ВАРТОСТІ БАСКИ</p>","<p>A double-breasted jacket featuring lapels and a classic collar.<br>Sleeve slits create a delicate accent, while the waist is defined by engineered darts that form soft pleats, highlighting the feminine lines.<br>The lining—printed and contrasting—peeks through during movement, adding depth and character.<br>Styled with a designer basque featuring an animal print draped over the shoulder, creating an asymmetrical effect and bringing bold expressiveness to the look.</p>
<p>High-waisted flared trousers perfectly complete the look, creating a stylish and refined silhouette.</p>
<p>The suit is crafted from a blend of textured tweed and smooth faux leather, lending the look an unmistakable contrast.</p>
<p><strong>COMPOSITION</strong></p>
<p><em><strong>Tweed</strong></em>: cotton 100%</p>
<p><em><strong>Faux Leather</strong></em>: polyester 65%; polyurethane 35%</p>
<p><strong><em>Lining</em></strong>: viscose 100%</p>
<p>THE SUIT PRICE DOES NOT INCLUDE THE BASQUE</p>"
58ea3480-3a4c-4f32-9bf3-21973aa7bbcb,echo-of-elegance-ash-blue,Echo of Elegance,true,"<div class=""ng-tns-c2897356016-164"">
<section class=""processing-state_container is-gpi-avatar ng-tns-c2897356016-164 ng-trigger ng-trigger-processingStateShowHide ng-star-inserted is-done-processing"" id=""processing-state-17"">
<div class=""processing-state_details is-gpi-avatar ng-trigger ng-trigger-menuExpansion ng-tns-c2897356016-164 ng-star-inserted"" id=""processing-state-17-summary"" aria-hidden=""true""></div>
</section>
</div>
<div class=""response-content ng-tns-c3901716605-163"">
<div class=""container"">
<div class=""markdown markdown-main-panel stronger enable-updated-hr-color"" id=""model-response-message-contentr_dc674665e80c9cc1"" aria-live=""polite"" aria-busy=""false"" dir=""ltr"">
<p>Двобортний силуетний жакет, із V-подібним вирізом та м’яко окресленою лінією плеча.<br>Талія підкреслена конструктивними защіпками, які формують делікатні складки й додають фігурі виразності.<br>Рукави — об’ємні у верхній частині, з м’яким округленням внизу.<br>Підкладка — принтована, контрастна, проглядає під час руху, додаючи глибини та характеру.<br>Декорований розʼємним замшевим коміром, із шкіряною вставкою та декоративними прострочками, що застібається на ґудзики.</p>
<p>Спідниця класичного приталеного крою.<br>Міді-довжина підкреслює елегантність, а центральний розріз додає динаміки та візуально подовжує ноги.<br>Застібка — потаємна блискавка ззаду.</p>
<p><strong>СКЛАД</strong></p>
<p><strong><em>Екошкіра</em></strong>: поліестер-65%; поліуретан-35%</p>
<p><strong><em>Підклада</em></strong>: віскоза-100%</p>
<p><strong>ЛИШЕ СУХА ХІМЧИСТКА!</strong></p>
</div>
</div>
</div>","<div class=""ng-tns-c2897356016-164"">
<section class=""processing-state_container is-gpi-avatar ng-tns-c2897356016-164 ng-trigger ng-trigger-processingStateShowHide ng-star-inserted is-done-processing"" id=""processing-state-17"">
<div class=""processing-state_details is-gpi-avatar ng-trigger ng-trigger-menuExpansion ng-tns-c2897356016-164 ng-star-inserted"" id=""processing-state-17-summary"" aria-hidden=""true""></div>
</section>
</div>
<div class=""response-content ng-tns-c3901716605-163"">
<div class=""container"">
<div class=""markdown markdown-main-panel stronger enable-updated-hr-color"" id=""model-response-message-contentr_dc674665e80c9cc1"" aria-live=""polite"" aria-busy=""false"" dir=""ltr"">
<p>A double-breasted fitted jacket featuring a V-neckline and a softly defined shoulder line.<br>The waist is defined by engineered darts that form delicate pleats, adding bold expression to the figure.<br>The sleeves are voluminous at the top, finishing with a soft rounding at the hem.<br>The lining—printed and contrasting—peeks through during movement, adding depth and character.<br>Decorated with a detachable suede collar featuring a leather insert and decorative topstitching, fastening with buttons.</p>
<p>A classic fitted skirt.<br>The midi length underscores elegance, while a center slit adds dynamic movement and visually elongates the legs.<br>Fastens with a concealed back zipper.</p>
<p><strong>COMPOSITION</strong></p>
<p><strong><em>Faux Leather</em></strong>: polyester 65%; polyurethane 35%</p>
<p><strong><em>Lining</em></strong>: viscose 100%</p>
<p><strong>DRY CLEAN ONLY!</strong></p>
</div>
</div>
</div>"
aca41409-0c76-44fa-b596-81741159a0f4,inner-flame,Inner Flame,true,"<p>Двобортний силуетний жакет, із V-подібним вирізом та м’яко окресленою лінією плеча.<br>Талія підкреслена конструктивними защіпками, які формують делікатні складки й додають фігурі виразності.<br>Рукави — об’ємні у верхній частині, з м’яким округленням внизу.<br>Підкладка — принтована, контрастна, проглядає під час руху, додаючи глибини та характеру.<br>Декорований розʼємним замшевим коміром, із шкіряною вставкою та декоративними прострочками, що застібається на ґудзики.</p>
<p>Штани з гладкої преміальної екошкіри мають високу посадку та бокові розрізи внизу, що забезпечують комфорт руху й візуально подовжують силует.<br>Модель доповнена принтованою підкладою.<br>Продумана конструкція і точність крою забезпечують ідеальну посадку та комфорт у русі.</p>
<p><strong>СКЛАД</strong></p>
<p><b><i>Екошкіра</i></b>: поліестер-65%; поліуретан-35%</p>
<p><strong>Підклада</strong>: віскоза-100%</p>
<p><strong>ТІЛЬКИ СУХА ХІМЧИСТКА!</strong></p>","<p>A double-breasted fitted jacket featuring a V-neckline and a softly defined shoulder line.<br>The waist is defined by engineered darts that form delicate pleats, adding bold expression to the figure.<br>The sleeves are voluminous at the top, finishing with a soft rounding at the hem.<br>The lining—printed and contrasting—peeks through during movement, adding depth and character.<br>Decorated with a detachable suede collar featuring a leather insert and decorative topstitching, fastening with buttons.</p>
<p>Trousers crafted from smooth premium faux leather feature a high rise and side slits at the hem, ensuring ease of movement and visually elongating the silhouette.<br>The model is finished with a printed lining.<br>A thoughtfully engineered construction and precision tailoring guarantee a flawless fit and comfort in motion.</p>
<p><strong>COMPOSITION</strong></p>
<p><b><i>Faux Leather</i></b>: polyester 65%; polyurethane 35%</p>
<p><strong>Lining</strong>: viscose 100%</p>
<p><strong>DRY CLEAN ONLY!</strong></p>"
7b6a048d-87f2-4151-a97a-a8b787b925e1,zhyletka-feminine-armor,Жилетка Feminine Armor,true,"<p>Силуетний двобортний жилет, приталеного крою, з відворотами та лацканами.<br>Виконаний із преміальної фактурної екошкіри, з тисненням, що нагадує структуру рептилії.<br>Бокові складки формують витончену лінію талії.<br>Застібка спереду на два ґудзики.</p>
<p><strong>СКЛАД</strong></p>
<p>поліестер-65%; поліуретан-35%</p>
<p><strong>ТІЛЬКИ СУХА ХІМЧИСТКА!</strong></p>","<p>A fitted double-breasted vest with lapels and a tailored cut.<br>Crafted from premium textured faux leather featuring reptile-like embossing.<br>Side pleats form a refined waistline.<br>Two-button front fastening.</p>
<p><strong>COMPOSITION</strong></p>
<p>polyester 65%; polyurethane 35%</p>
<p><strong>DRY CLEAN ONLY!</strong></p>"
26cbcecf-67c8-4eb6-b227-512027a1a4e3,midnight-balance,Midnight Balance,true,"<div class=""container"">
<div class=""markdown markdown-main-panel stronger enable-updated-hr-color"" id=""model-response-message-contentr_a139e0eb324785c8"" aria-live=""polite"" aria-busy=""false"" dir=""ltr"">
<div class=""container"">
<div class=""product-image-summary-wrap"">
<div class=""product-image-summary"">
<div class=""product-image-summary-inner wd-grid-g"">
<div class=""summary entry-summary text-left wd-grid-col"">
<div class=""summary-inner wd-set-mb reset-last-child"">
<div class=""woocommerce-tabs wc-tabs-wrapper tabs-layout-accordion wd-opener-pos-right wd-opener-style-arrow wd-accordion wd-style-default wd-inited"" data-state=""first"" data-layout=""accordion"">
<div class=""wd-accordion-item"">
<div class=""entry-content woocommerce-Tabs-panel woocommerce-Tabs-panel--description wd-active wd-scroll wd-accordion-content"" id=""tab-description"" role=""tabpanel"" aria-labelledby=""tab-title-description"" data-accordion-index=""description"">
<div class=""wc-tab-inner wd-entry-content wd-scroll-content"">
<p>Двобортний силуетний жилет, із V-подібним вирізом.<br>Талія підкреслена конструктивними защіпками, які формують делікатні складки й додають фігурі виразності.<br>Декорований розʼємним шкіряним коміром, із квітковим тисненням, що застібається на ґудзики.</p>
<p>Спідниця класичного приталеного крою.<br>Виконана із фактурної екошкіри, із квітковим тисненням.<br>Міді-довжина підкреслює елегантність, а центральний розріз додає динаміки та візуально подовжує ноги.<br>Застібка — потаємна блискавка ззаду.</p>
<p><strong>СКЛАД</strong></p>
<p>поліестер-65%; поліуретан-35%</p>
<p><strong>ЛИШЕ СУХА ХІМЧИСТКА!</strong></p>
</div>
</div>
</div>
<div class=""wd-accordion-item"">
<div id=""tab-item-title-additional_information"" class=""wd-accordion-title tab-title-additional_information"" data-accordion-index=""additional_information""></div>
</div>
<div class=""wd-accordion-item"">
<div id=""tab-item-title-wd_additional_tab"" class=""wd-accordion-title tab-title-wd_additional_tab"" data-accordion-index=""wd_additional_tab""></div>
</div>
</div>
</div>
</div>
</div>
</div>
</div>
</div>
</div>","<div class=""container"">
<div class=""markdown markdown-main-panel stronger enable-updated-hr-color"" id=""model-response-message-contentr_a139e0eb324785c8"" aria-live=""polite"" aria-busy=""false"" dir=""ltr"">
<div class=""container"">
<div class=""product-image-summary-wrap"">
<div class=""product-image-summary"">
<div class=""product-image-summary-inner wd-grid-g"">
<div class=""summary entry-summary text-left wd-grid-col"">
<div class=""summary-inner wd-set-mb reset-last-child"">
<div class=""woocommerce-tabs wc-tabs-wrapper tabs-layout-accordion wd-opener-pos-right wd-opener-style-arrow wd-accordion wd-style-default wd-inited"" data-state=""first"" data-layout=""accordion"">
<div class=""wd-accordion-item"">
<div class=""entry-content woocommerce-Tabs-panel woocommerce-Tabs-panel--description wd-active wd-scroll wd-accordion-content"" id=""tab-description"" role=""tabpanel"" aria-labelledby=""tab-title-description"" data-accordion-index=""description"">
<div class=""wc-tab-inner wd-entry-content wd-scroll-content"">
<p>A double-breasted fitted vest with a V-neckline.<br>The waist is defined by engineered darts that form delicate pleats, adding bold expression to the figure.<br>Decorated with a detachable leather collar featuring floral embossing, fastening with buttons.</p>
<p>A classic fitted skirt.<br>Crafted from textured faux leather featuring a floral embossed pattern.<br>The midi length underscores elegance, while a center slit adds dynamic movement and visually elongates the legs.<br>Fastens with a concealed back zipper.</p>
<p><strong>COMPOSITION</strong></p>
<p>polyester 65%; polyurethane 35%</p>
<p><strong>DRY CLEAN ONLY!</strong></p>
</div>
</div>
</div>
<div class=""wd-accordion-item"">
<div id=""tab-item-title-additional_information"" class=""wd-accordion-title tab-title-additional_information"" data-accordion-index=""additional_information""></div>
</div>
<div class=""wd-accordion-item"">
<div id=""tab-item-title-wd_additional_tab"" class=""wd-accordion-title tab-title-wd_additional_tab"" data-accordion-index=""wd_additional_tab""></div>
</div>
</div>
</div>
</div>
</div>
</div>
</div>
</div>
</div>"
95a07ed5-842c-454a-a6b9-1a78740721de,spidnytsya-midnight-bloom,Спідниця Midnight Bloom,true,"<div class=""ng-tns-c2897356016-199"">
<section id=""processing-state-22"" class=""processing-state_container is-gpi-avatar ng-tns-c2897356016-199 ng-trigger ng-trigger-processingStateShowHide ng-star-inserted is-done-processing"">
<div aria-hidden=""true"" id=""processing-state-22-summary"" class=""processing-state_details is-gpi-avatar ng-trigger ng-trigger-menuExpansion ng-tns-c2897356016-199 ng-star-inserted""></div>
</section>
</div>
<div class=""response-content ng-tns-c3901716605-198"">
<div class=""container"">
<div dir=""ltr"" aria-busy=""false"" aria-live=""polite"" id=""model-response-message-contentr_ae98101af87b0669"" class=""markdown markdown-main-panel stronger enable-updated-hr-color"">
<p>Довга органзова спідниця з вишитими квітами.<br>Напівпрозора тканина із зустрічними складками створює легкий і водночас структурований силует.<br>Модель застібається на потаємну блискавку ззаду та доповнена оксамитовим поясом із бісерною оздобою, який зав’язується на стрічку, підкреслюючи витонченість лінії талії.</p>
<p>ВАРТІСТЬ СПІДНИЦІ ВКАЗАНО БЕЗ ВАРТОСТІ ПОЯСА</p>
<p><strong>ПАРАМЕТРИ МОДЕЛІ</strong></p>
<p>Зріст – 175 см</p>
<p>ОГ – 88, ОТ – 68, ОБ – 94 (S)</p>
</div>
</div>
</div>","<div class=""ng-tns-c2897356016-199"">
<section id=""processing-state-22"" class=""processing-state_container is-gpi-avatar ng-tns-c2897356016-199 ng-trigger ng-trigger-processingStateShowHide ng-star-inserted is-done-processing"">
<div aria-hidden=""true"" id=""processing-state-22-summary"" class=""processing-state_details is-gpi-avatar ng-trigger ng-trigger-menuExpansion ng-tns-c2897356016-199 ng-star-inserted""></div>
</section>
</div>
<div class=""response-content ng-tns-c3901716605-198"">
<div class=""container"">
<div dir=""ltr"" aria-busy=""false"" aria-live=""polite"" id=""model-response-message-contentr_ae98101af87b0669"" class=""markdown markdown-main-panel stronger enable-updated-hr-color"">
<p>A long organza skirt featuring floral embroidery.<br>The translucent fabric with box pleats creates a lightweight yet beautifully structured silhouette.<br>The model fastens with a concealed back zipper and is complemented by a velvet belt with beaded embellishments, tying into a ribbon to highlight the refinement of the waistline.</p>
<p>THE SKIRT PRICE DOES NOT INCLUDE THE BELT</p>
<p><strong>MODEL'S MEASUREMENTS</strong></p>
<p>Height – 175 cm</p>
<p>Bust – 88, Waist – 68, Hips – 94 (S)</p>
</div>
</div>
</div>"
ac9c164d-0c29-4a10-81ad-fcc0dfcf5c99,gracia-blossom,Gracia Blossom,true,"<p>Корсет, що підкреслює талію та плавну лінію грудей.<br>Виконаний із мереживної тканини, преміум класу.<br>Від талії — м’яке розкльошення у стилі баски, що додає силуету витонченості та динаміки.<br>Позаду — потаємна блискавка, що забезпечує ідеальну посадку виробу.</p>
<p>Максі-спідниця виконана з мереживної преміальної тканини.<br>Зустрічні складки формують об’єм і структурність, зберігаючи водночас м’якість ліній.<br>Всередині — вшита непрозора підкладка, яка гарантує комфорт і дозволяє зберегти делікатну прозорість верху.<br>Широкий пояс чітко підкреслює талію, формуючи витончений жіночний силует.<br>Застібка — потаємна блискавка позаду.</p>
<p>Комір-жабо з сатину — сміливий акцент, що додає образу драматизму та шляхетності.<br>Прикрашений витонченою брошкою, він стає завершальною нотою, яка підкреслює унікальність стилю та перетворює класичний силует на мистецький маніфест.</p>
<p>ВАРТІСТЬ КОСТЮМУ ВКАЗАНО БЕЗ ВАРТОСТІ КОМІРА ТА БРОШІ</p>
<p>ВИЩЕНАВЕДЕНІ АКСЕСУАРИ МОЖНА ПРИДБАТИ В КАТЕГОРІЇ «<em>АКСЕСУАРИ</em>»</p>
<p><strong>ПАРАМЕТРИ МОДЕЛІ</strong></p>
<p>Зріст – 175 см</p>
<p>ОГ – 88, ОТ – 68, ОБ – 94 (S)</p>","<p>A corset that accentuates the waist and the smooth line of the bust.<br>Crafted from premium-class lace fabric.<br>From the waistline, a soft basque-style flare adds refinement and dynamics to the silhouette.<br>Finished with a concealed back zipper ensuring a flawless fit.</p>
<p>The maxi skirt is crafted from premium lace fabric.<br>Box pleats create volume and structure while preserving the softness of its lines.<br>Inside, an integrated opaque lining guarantees comfort while maintaining the delicate transparency of the top layer.<br>A wide waistband sharply defines the waist, forming a sophisticated feminine silhouette.<br>Fastens with a concealed zipper at the back.</p>
<p>The satin jabot collar is a bold accent that infuses the look with drama and nobility.<br>Adorned with a refined brooch, it serves as the finishing touch that highlights the style's uniqueness and transforms a classic silhouette into an artistic manifesto.</p>
<p>THE SUIT PRICE DOES NOT INCLUDE THE COLLAR AND BROOCH</p>
<p>THE AFOREMENTIONED ACCESSORIES CAN BE PURCHASED IN THE ""<em>ACCESSORIES</em>"" CATEGORY</p>
<p><strong>MODEL'S MEASUREMENTS</strong></p>
<p>Height – 175 cm</p>
<p>Bust – 88, Waist – 68, Hips – 94 (S)</p>"
35a252fe-9a14-465b-86fe-2f4875b41d39,silky-vine,Silky Vine,true,"<div class=""ng-tns-c2897356016-221"">
<section class=""processing-state_container is-gpi-avatar ng-tns-c2897356016-221 ng-trigger ng-trigger-processingStateShowHide ng-star-inserted is-done-processing"" id=""processing-state-24"">
<div class=""processing-state_details is-gpi-avatar ng-trigger ng-trigger-menuExpansion ng-tns-c2897356016-221 ng-star-inserted"" id=""processing-state-24-summary"" aria-hidden=""true""></div>
</section>
</div>
<div class=""response-content ng-tns-c3901716605-220"">
<div class=""container"">
<div class=""markdown markdown-main-panel stronger enable-updated-hr-color"" id=""model-response-message-contentr_90cbb373cae2f561"" aria-live=""polite"" aria-busy=""false"" dir=""ltr"">
<p>Сатиновий корсет, що підкреслює талію та плавну лінію грудей.<br>Від талії — м’яке розкльошення у стилі баски, що додає силуету витонченості та динаміки.<br>Позаду — потаємна блискавка, що забезпечує ідеальну посадку виробу.</p>
<p>Довга спідниця на поясі, вільного крою.<br>З обох боків — асиметричні вставки, які надають динаміки та складної фактурності при русі.<br>Застібається на потаємну блискавку ззаду.</p>
<p>Головний акцент костюму — авторський принт «Виноград», виконаний із преміального сатину та розроблений спеціально для колекції.<span class=""Apple-converted-space""> </span></p>
<p><strong>ПАРАМЕТРИ МОДЕЛІ</strong></p>
<p>Зріст – 175 см</p>
<p>ОГ – 88, ОТ – 68, ОБ – 94 (S)</p>
<p>ВАРТІСТЬ КОСТЮМУ ВКАЗАНО БЕЗ ВАРТОСТІ ГАЛСТУКА</p>
</div>
</div>
</div>","<div class=""ng-tns-c2897356016-221"">
<section class=""processing-state_container is-gpi-avatar ng-tns-c2897356016-221 ng-trigger ng-trigger-processingStateShowHide ng-star-inserted is-done-processing"" id=""processing-state-24"">
<div class=""processing-state_details is-gpi-avatar ng-trigger ng-trigger-menuExpansion ng-tns-c2897356016-221 ng-star-inserted"" id=""processing-state-24-summary"" aria-hidden=""true""></div>
</section>
</div>
<div class=""response-content ng-tns-c3901716605-220"">
<div class=""container"">
<div class=""markdown markdown-main-panel stronger enable-updated-hr-color"" id=""model-response-message-contentr_90cbb373cae2f561"" aria-live=""polite"" aria-busy=""false"" dir=""ltr"">
<p>A satin corset that accentuates the waist and the smooth line of the bust.<br>From the waistline, a soft basque-style flare adds refinement and dynamics to the silhouette.<br>Finished with a concealed back zipper ensuring a flawless fit.</p>
<p>A long, loose-fitting skirt with a waistband.<br>On both sides—asymmetrical inserts that grant dynamics and complex texturing in motion.<br>Fastens with a concealed back zipper.</p>
<p>The main focal point of the suit is the signature ""Grapevine"" print, executed on premium satin and developed exclusively for the collection.<span class=""Apple-converted-space""> </span></p>
<p><strong>MODEL'S MEASUREMENTS</strong></p>
<p>Height – 175 cm</p>
<p>Bust – 88, Waist – 68, Hips – 94 (S)</p>
<p>THE SUIT PRICE DOES NOT INCLUDE THE TIE</p>
</div>
</div>
</div>"
12026028-716c-404a-9f8b-c4164c8d99f9,red-symphony,Red Symphony,true,"<p>Однобортна жилетка, приталеного крою.<br>Декорована навісними метеликами із вишуканими фактурними ґудзиками, щоб підкреслити Ваш унікальний імідж та вишуканий смак!</p>
<p>Класична спідниця, з високою посадкою!<br>Довжина «midi» та приталений крій, візуально, видовжують силует та підкреслюють найвитонченіші риси жіночності!<br>А глибока розпірка, позаду, додає зручності та впевненості при ходьбі.<br>Застібка на потаємну блискавку, позаду.</p>
<p>З вишитою блузою образ звучить особливо виразно, адже ручна вишивка винограду розкриває енергію достатку й жіночої сили та надає образу сакрального сенсу.</p>
<p>ВАРТІСТЬ КОСТЮМУ ВКАЗАНО БЕЗ ВАРТОСТІ БЛУЗИ<span class=""Apple-converted-space""> </span></p>
<p>БЛУЗУ МОЖНА ПРИДБАТИ У КАТЕГОРІЇ «<em>БЛУЗИ</em>»</p>
<p><strong>СКЛАД</strong></p>
<p>бавовна-30% віскоза-65% еластан-5%</p>
<p><strong><span>ПАРАМЕТРИ МОДЕЛІ</span></strong></p>
<p>Зріст – 175 см</p>
<p>ОГ-88, ОТ-68, Об-94 (s)</p>","<p>A single-breasted, fitted vest.<br>Decorated with butterfly loop closures and exquisite textured buttons to highlight your unique image and refined taste!</p>
<p>A classic high-waisted skirt!<br>The midi length and fitted cut visually elongate the silhouette and emphasize the most delicate features of femininity!<br>A deep back slit ensures comfort and confidence in your stride.<br>Fastens with a concealed back zipper.</p>
<p>Paired with an embroidered blouse, the look resonates profoundly, as the handcrafted grapevine embroidery reveals the energy of abundance and feminine power, granting the ensemble a sacred significance.</p>
<p>THE SUIT PRICE DOES NOT INCLUDE THE BLOUSE<span class=""Apple-converted-space""> </span></p>
<p>THE BLOUSE CAN BE PURCHASED IN THE ""<em>BLOUSES</em>"" CATEGORY</p>
<p><strong>COMPOSITION</strong></p>
<p>cotton 30%; viscose 65%; elastane 5%</p>
<p><strong><span>MODEL'S MEASUREMENTS</span></strong></p>
<p>Height – 175 cm</p>
<p>Bust – 88, Waist – 68, Hips – 94 (S)</p>"
0dc30993-c5e4-4409-961b-d47807e45f74,whispers-lace,Whispers Lace,true,"<p>Ефектний топ на тонких регульованих бретелях, із виразним бантом, що додає особливого акценту образу!<br>Виконана із мереживної тканини, преміум класу.<br>Застібка у вигляді блискавки ззаду забезпечує зручність і надійну посадку.</p>
<p>Максі-спідниця виконана з мереживної преміальної тканини.<br>Зустрічні складки формують об’єм і структурність, зберігаючи водночас м’якість ліній.<br>Всередині — вшита непрозора підкладка, яка гарантує комфорт і дозволяє зберегти делікатну прозорість верху.<br>Широкий пояс чітко підкреслює талію, формуючи витончений жіночний силует.<br>Застібка — потаємна блискавка позаду.</p>","<p>A striking top on thin adjustable straps, featuring a bold bow that adds a distinctive accent to the look!<br>Crafted from premium-class lace fabric.<br>A back zipper fastening ensures comfort and a secure fit.</p>
<p>The maxi skirt is crafted from premium lace fabric.<br>Box pleats create volume and structure while preserving the softness of its lines.<br>Inside, an integrated opaque lining guarantees comfort while maintaining the delicate transparency of the top layer.<br>A wide waistband sharply defines the waist, forming a sophisticated feminine silhouette.<br>Fastens with a concealed zipper at the back.</p>"
0508052e-d4a4-4167-8f72-f1399a7f67cb,ivory-vineyard,Ivory Vineyard,true,"<p>Силуетний жилет, із V-подібним вирізом, підкреслює фігуру завдяки чітким лініям та акуратному приталенню.<br>Декорований двома клапанами спереду.<br>Родзинка виробу — обгорнена асиметрична застібка та вишивка у вигляді виноградного грона та лози, що ніби обвиває фігуру.</p>
<p>Довга спідниця, з високою посадкою та шлицею спереду, що оздоблена вишуканою ручною вишивкою.<br>Застібка на потаємну блискавку забезпечує комфортне прилягання до фігури.</p>
<p><strong>СКЛАД</strong></p>
<p>бавовна-30%; віскоза-65%; еластан-5%</p>
<p><strong>ПАРАМЕТРИ МОДЕЛІ</strong></p>
<p>Зріст – 175 см</p>
<p>ОГ – 88, ОТ – 68, ОБ – 94 (S)</p>","<p>A fitted vest with a V-neckline that accentuates the figure through its sharp lines and precise tailoring.<br>Decorated with two front flaps.<br>The highlight of the piece is the wrapped asymmetrical fastening and embroidery depicting a grape cluster and vine, seemingly intertwining around the figure.</p>
<p>A long skirt with a high rise and front vent, adorned with exquisite hand embroidery.<br>A concealed zipper fastening ensures a comfortable and tailored fit.</p>
<p><strong>COMPOSITION</strong></p>
<p>cotton 30%; viscose 65%; elastane 5%</p>
<p><strong>MODEL'S MEASUREMENTS</strong></p>
<p>Height – 175 cm</p>
<p>Bust – 88, Waist – 68, Hips – 94 (S)</p>"
5136f355-2b74-4e1b-8cab-32aeb0111538,bluza-sacred-grapes,Блуза Sacred Grapes,true,"<p>Класична блуза прямого силуету, з довгими рукавами та акцентними гострими манжетами.<br>Зустрічні складки від плечового шва додають легкості та об’єму, підкреслюючи жіночність.<br>Спереду невеликі складки створюють витончений акцент, а V-подібний виріз із застібкою на ґудзик забезпечує комфорт і делікатну елегантність.</p>
<p>Особлива увага — до деталей: комір та манжети прикрашені ручною вишивкою бісером у вигляді виноградних грон — символу родючості та життєвої сили.</p>
<p><strong>СКЛАД</strong></p>
<p>бавовна – 30%; віскоза – 65%; еластан – 5%</p>
<p><strong>ПАРАМЕТРИ МОДЕЛІ</strong></p>
<p>Зріст – 175 см</p>
<p>ОГ – 88, ОТ – 68, ОБ – 94 (S)</p>","<p>A classic straight-silhouette blouse with long sleeves and bold, sharp cuffs.<br>Box pleats from the shoulder seam add lightness and volume, emphasizing femininity.<br>Small front pleats create a refined accent, while the V-neckline with a single-button closure ensures comfort and delicate elegance.</p>
<p>Special attention is paid to the details: the collar and cuffs are embellished with hand-embroidered beads in the shape of grape clusters—a symbol of fertility and life force.</p>
<p><strong>COMPOSITION</strong></p>
<p>cotton 30%; viscose 65%; elastane 5%</p>
<p><strong>MODEL'S MEASUREMENTS</strong></p>
<p>Height – 175 cm</p>
<p>Bust – 88, Waist – 68, Hips – 94 (S)</p>"
69358008-d775-4ecd-8da9-a85c3eaf5f99,spidnytsya-crimson-grapevine,Спідниця Crimson Grapevine,true,"<p>Довга спідниця, з високою посадкою та шлицею спереду.<br>Оздоблена вишуканою ручною вишивкою у вигляді виноградних грон.<br>Застібка на потаємну блискавку забезпечує комфортне прилягання до фігури.</p>
<p><strong>СКЛАД</strong></p>
<p>бавовна-30%; віскоза-65%; еластан-5%</p>","<p>A long skirt with a high rise and a front vent.<br>Adorned with exquisite hand embroidery in the shape of grape clusters.<br>A concealed zipper fastening ensures a comfortable and tailored fit.</p>
<p><strong>COMPOSITION</strong></p>
<p>cotton 30%; viscose 65%; elastane 5%</p>"
7d480c37-1ff8-4bfe-a2de-b917ee505432,crimson-grapevine,Crimson Grapevine,true,"<p>Силуетний жилет, із V-подібним вирізом, підкреслює фігуру завдяки чітким лініям та акуратному приталенню.<span class=""Apple-converted-space""><br></span>Декорований двома клапанами спереду.<br>Родзинка виробу — обгорнена асиметрична застібка та вишивка у вигляді виноградних грон та лози, що ніби обвиває фігуру.</p>
<p>Довга спідниця, з високою посадкою та шлицею спереду.<br>Оздоблена вишуканою ручною вишивкою у вигляді виноградних грон.<br>Застібка на потаємну блискавку забезпечує комфортне прилягання до фігури.</p>
<p><strong>СКЛАД</strong></p>
<p>бавовна-30%; віскоза-65%; еластан-5%</p>
<p><strong>ПАРАМЕТРИ МОДЕЛІ</strong></p>
<p>Зріст – 175 см</p>
<p>ОГ – 88, ОТ – 68, ОБ – 94 (S)</p>","<p>A fitted vest with a V-neckline that accentuates the figure through its sharp lines and precise tailoring.<span class=""Apple-converted-space""><br></span>Decorated with two front flaps.<br>The highlight of the piece is the wrapped asymmetrical fastening and embroidery depicting grape clusters and vines, seemingly intertwining around the figure.</p>
<p>A long skirt with a high rise and front vent.<br>Adorned with exquisite hand embroidery in the shape of grape clusters.<br>A concealed zipper fastening ensures a comfortable and tailored fit.</p>
<p><strong>COMPOSITION</strong></p>
<p>cotton 30%; viscose 65%; elastane 5%</p>
<p><strong>MODEL'S MEASUREMENTS</strong></p>
<p>Height – 175 cm</p>
<p>Bust – 88, Waist – 68, Hips – 94 (S)</p>"
a734e4a4-1cf4-4c77-97ca-57f94f901849,komplekt-luxe-latice,Luxe Latice,true,"<p>Жакет, приталеного крою, з обʼємними рукавами та підкресленою талією.<br>Декорований оксамитовим окантуванням, вздовж планки.<br>Застібка спереду, у вигляді оксамитових ґудзиків з навісними метеликами.</p>
<p>Стилізований дизайнерським відкладним коміром, з ручною вишивкою, у вигляді виноградних грон, що додає образу вишуканої автентичності.</p>
<p>Штани-кльош, з високою посадкою.<br>Візуально видовжують силует та додають елегантності.</p>
<p>А пояс із бахромою – стильний акцент, що додає образу ритму й динаміки сучасності!</p>
<p><strong>СКЛАД</strong></p>
<p>бавовна-30% віскоза-65% еластан-5%</p>
<p><strong>ПАРАМЕТРИ МОДЕЛІ</strong></p>
<p>Зріст – 175 см</p>
<p>ОГ-88, ОТ-68, Об-94 (s)</p>","<p>A fitted jacket featuring voluminous sleeves and an accentuated waist.<br>Decorated with velvet piping along the placket.<br>Front fastening with velvet buttons and butterfly loop closures.</p>
<p>Styled with a designer turn-down collar featuring hand embroidery in the shape of grape clusters, adding refined authenticity to the look.</p>
<p>High-waisted flared trousers.<br>They visually elongate the silhouette and add an air of elegance.</p>
<p>The fringed belt serves as a stylish accent, infusing the look with rhythm and modern dynamism!</p>
<p><strong>COMPOSITION</strong></p>
<p>cotton 30%; viscose 65%; elastane 5%</p>
<p><strong>MODEL'S MEASUREMENTS</strong></p>
<p>Height – 175 cm</p>
<p>Bust – 88, Waist – 68, Hips – 94 (S)</p>"
922a17a5-36ea-4c90-8e11-1e51e56ed559,zhaket-midnight-grapes,Жакет Midnight Grapes,true,"<p>Жакет силуетний, з лацканами, структурованими плечима та підкресленою талією.<br>Защіпки на талії формують витончені складки, які додають динаміки силуету.<br>Розпірки на рукавах створюють легкість та елегантність, підкреслюючи витончену форму.<br>Декорований ручною вишивкою з бісеру та камінців у вигляді виноградного грона та лози, що надає образу вишуканості.<br>Асиметрична застібка спереду додає сучасного характеру.</p>
<p><strong>СКЛАД</strong></p>
<p>бавовна – 30%; віскоза – 65%; еластан – 5%</p>
<p><strong>ПАРАМЕТРИ МОДЕЛІ</strong></p>
<p>Зріст – 175 см</p>
<p>ОГ – 88, ОТ – 68, ОБ – 94 (S)</p>","<p>A fitted jacket with lapels, structured shoulders, and an accentuated waist.<br>Waist darts form elegant pleats that add dynamic movement to the silhouette.<br>Sleeve slits create a sense of lightness and elegance, highlighting the refined shape.<br>Decorated with hand embroidery featuring beads and stones in the shape of a grape cluster and vine, lending the look sophisticated luxury.<br>An asymmetrical front fastening adds a contemporary character.</p>
<p><strong>COMPOSITION</strong></p>
<p>cotton 30%; viscose 65%; elastane 5%</p>
<p><strong>MODEL'S MEASUREMENTS</strong></p>
<p>Height – 175 cm</p>
<p>Bust – 88, Waist – 68, Hips – 94 (S)</p>"
8bb87f1e-4c8a-4b6b-8951-8b4c8e296747,midnight-grapes,Midnight Grapes,true,"<div class=""ng-tns-c2897356016-276"">
<section class=""processing-state_container is-gpi-avatar ng-tns-c2897356016-276 ng-trigger ng-trigger-processingStateShowHide ng-star-inserted is-done-processing"" id=""processing-state-33"">
<div class=""processing-state_details is-gpi-avatar ng-trigger ng-trigger-menuExpansion ng-tns-c2897356016-276 ng-star-inserted"" id=""processing-state-33-summary"" aria-hidden=""true""></div>
</section>
</div>
<div class=""response-content ng-tns-c3901716605-275"">
<div class=""container"">
<div class=""markdown markdown-main-panel stronger enable-updated-hr-color"" id=""model-response-message-contentr_ab030653bcb54749"" aria-live=""off"" aria-busy=""false"" dir=""ltr"">
<p>Жакет силуетний, з лацканами, структурованими плечима та підкресленою талією.<br>Защіпки на талії формують витончені складки, які додають динаміки силуету.<br>Розпірки на рукавах створюють легкість та елегантність, підкреслюючи витончену форму.<br>Декорований ручною вишивкою з бісеру та камінців у вигляді виноградного грона та лози, що надає образу вишуканості.<br>Асиметрична застібка спереду додає сучасного характеру.</p>
<p>Класичні приталені штани, із високою посадкою, створюють ефект довгих ніг. Декоровані прострочками по канту.</p>
<p><strong>СКЛАД</strong></p>
<p>бавовна – 30%; віскоза – 65%; еластан – 5%</p>
<p><strong>ПАРАМЕТРИ МОДЕЛІ</strong></p>
<p>Зріст – 175 см</p>
<p>ОГ – 88, ОТ – 68, ОБ – 94 (S)</p>
</div>
</div>
</div>","<div class=""ng-tns-c2897356016-276"">
<section class=""processing-state_container is-gpi-avatar ng-tns-c2897356016-276 ng-trigger ng-trigger-processingStateShowHide ng-star-inserted is-done-processing"" id=""processing-state-33"">
<div class=""processing-state_details is-gpi-avatar ng-trigger ng-trigger-menuExpansion ng-tns-c2897356016-276 ng-star-inserted"" id=""processing-state-33-summary"" aria-hidden=""true""></div>
</section>
</div>
<div class=""response-content ng-tns-c3901716605-275"">
<div class=""container"">
<div class=""markdown markdown-main-panel stronger enable-updated-hr-color"" id=""model-response-message-contentr_ab030653bcb54749"" aria-live=""off"" aria-busy=""false"" dir=""ltr"">
<p>A fitted jacket with lapels, structured shoulders, and an accentuated waist.<br>Waist darts form elegant pleats that add dynamic movement to the silhouette.<br>Sleeve slits create a sense of lightness and elegance, highlighting the refined shape.<br>Decorated with hand embroidery featuring beads and stones in the shape of a grape cluster and vine, lending the look sophisticated luxury.<br>An asymmetrical front fastening adds a contemporary character.</p>
<p>Classic tailored trousers with a high rise create the illusion of endless legs. Detailed with decorative edge stitching.</p>
<p><strong>COMPOSITION</strong></p>
<p>cotton 30%; viscose 65%; elastane 5%</p>
<p><strong>MODEL'S MEASUREMENTS</strong></p>
<p>Height – 175 cm</p>
<p>Bust – 88, Waist – 68, Hips – 94 (S)</p>
</div>
</div>
</div>"
2b0de193-732d-49d7-adbd-fd33fd6f3868,korset-silky,Корсет Silky,true,"<p data-path-to-node=""0""><span>Сатиновий корсет, що підкреслює талію та плавну лінію грудей.</span><br><span>Від талії — м’яке розкльошення у стилі баски, що додає силуету витонченості та динаміки.</span><br><span>Позаду — потаємна блискавка, що забезпечує ідеальну посадку виробу.</span></p>","<p data-path-to-node=""0""><span>A satin corset that accentuates the waist and the smooth line of the bust.</span><br><span>From the waistline, a soft basque-style flare adds refinement and dynamics to the silhouette.</span><br><span>Finished with a concealed back zipper ensuring a flawless fit.</span></p>"
e0f0ac7a-5e29-4cab-b18b-677a02d27ecf,komplekt-silky-vire,Silky Vire,true,"<p>Ефектний <strong>топ</strong> на тонких регульованих бретелях, із виразним бантом, що додає особливого акценту образу!<br>Застібка у вигляді блискавки ззаду забезпечує зручність і надійну посадку.</p>
<p>Лаконічна <strong>максі-спідниця</strong> вільного крою.<br>Декорована дрібними складками від лінії талії, створюючи легкий і повітряний силует.<br>Стрункість силуету підкреслює широкий пояс, а потаємна блискавка ззаду робить посадку бездоганною.</p>
<p>Преміальна сатинова тканина приємна до тіла й має делікатний блиск.<br>А акварельний принт у відтінках неба й листя — мов подих природи, зафіксований у русі.</p>
<p>Сатиновий <strong>корсет</strong> підкреслює талію та плавну лінію грудей.<br>Від талії — м’яке розкльошення у стилі баски, що додає силуету виразності.<br>Позаду — потаємна блискавка, що забезпечує ідеальну посадку виробу.</p>
<p>Ідеальний вибір для літніх вечорів, святкових подій або романтичних прогулянок.</p>
<p><strong>ПАРАМЕТРИ МОДЕЛІ</strong></p>
<p>Зріст – 175 см</p>
<p>ОГ – 88, ОТ – 68, ОБ – 94 (S)</p>","<p>A striking <strong>top</strong> on thin adjustable straps, featuring a bold bow that adds a distinctive accent to the look!<br>A back zipper fastening ensures comfort and a secure fit.</p>
<p>A minimalist <strong>maxi skirt</strong> with a loose fit.<br>Decorated with fine pleats falling from the waistline, creating a lightweight and airy silhouette.<br>A wide waistband accentuates the slenderness of the figure, while a concealed back zipper guarantees a flawless fit.</p>
<p>The premium satin fabric feels exquisite against the skin and possesses a delicate sheen.<br>The watercolor print in hues of sky and leaves is like a breath of nature, captured in motion.</p>
<p>A satin <strong>corset</strong> accentuates the waist and the smooth line of the bust.<br>From the waistline, a soft basque-style flare adds expressiveness to the silhouette.<br>Finished with a concealed back zipper ensuring a flawless fit.</p>
<p>The perfect choice for summer evenings, festive occasions, or romantic strolls.</p>
<p><strong>MODEL'S MEASUREMENTS</strong></p>
<p>Height – 175 cm</p>
<p>Bust – 88, Waist – 68, Hips – 94 (S)</p>"
5190501b-a02d-43ef-9d7f-dcc41f979e50,shtany-silent-bloom,Штани Silent Bloom,true,"<p>Штани-кльош, з високою посадкою.<br>Візуально видовжують силует та додають елегантності.</p>
<p><strong>СКЛАД</strong></p>
<p>бавовна-30%; віскоза-65%; еластан-5%</p>
<p><strong>ПАРАМЕТРИ МОДЕЛІ</strong></p>
<p>Зріст – 176 см</p>
<p>ОГ – 84, ОТ – 63, ОБ – 93</p>","<p>High-waisted flared trousers.<br>They visually elongate the silhouette and add an air of elegance.</p>
<p><strong>COMPOSITION</strong></p>
<p>cotton 30%; viscose 65%; elastane 5%</p>
<p><strong>MODEL'S MEASUREMENTS</strong></p>
<p>Height – 176 cm</p>
<p>Bust – 84, Waist – 63, Hips – 93</p>"
2c534cc9-3288-4bb6-ae9f-0166787d9ca9,korset-silent-bloom,Корсет Silent Bloom,true,"<p>Верх костюму у вигляді корсету, що підкреслює талію та плавну лінію грудей.<br>Від талії — м’яке розкльошення у стилі баски, що додає силуету витонченості та динаміки.<br>Позаду — потаємна блискавка, що забезпечує ідеальну посадку виробу.</p>
<p>А дизайнерська маніжка, з елементами ручної бісерної вишивки у вигляді виноградних грон, надає образу символізму, шляхетності та артистичної виразності.</p>
<p>ВАРТІСТЬ КОРСЕТУ ВКАЗАНО БЕЗ ВАРТОСТІ МАНІЖКИ</p>
<p><strong>СКЛАД</strong></p>
<p>бавовна-30%; віскоза-65%; еластан-5%</p>
<p><strong>ПАРАМЕТРИ МОДЕЛІ</strong></p>
<p>Зріст – 176 см</p>
<p>ОГ – 84, ОТ – 63, ОБ – 93</p>","<p>The top of the suit is designed as a corset that accentuates the waist and the smooth line of the bust.<br>From the waistline, a soft basque-style flare adds refinement and dynamics to the silhouette.<br>Finished with a concealed back zipper ensuring a flawless fit.</p>
<p>The designer detachable collar, featuring elements of hand-embroidered beading in the shape of grape clusters, infuses the look with symbolism, nobility, and artistic expression.</p>
<p>THE CORSET PRICE DOES NOT INCLUDE THE DETACHABLE COLLAR</p>
<p><strong>COMPOSITION</strong></p>
<p>cotton 30%; viscose 65%; elastane 5%</p>
<p><strong>MODEL'S MEASUREMENTS</strong></p>
<p>Height – 176 cm</p>
<p>Bust – 84, Waist – 63, Hips – 93</p>"
15d94bb3-778f-445d-8464-227d8a6067d4,spidnytsya-vire,Спідниця  Vire,true,"<p>Лаконічна «midi» вільного крою.<br>Декорована дрібними складками від лінії талії, створюючи легкий і повітряний силует.<br>Стрункість силуету підкреслює широкий пояс, а потаємна блискавка ззаду робить посадку бездоганною.</p>
<p>Преміальна сатинова тканина приємна до тіла й має делікатний блиск.</p>
<p>А акварельний принт у відтінках неба й листя — мов подих природи, зафіксований у русі.</p>
<p><strong>ПАРАМЕТРИ МОДЕЛІ<br></strong></p>
<p>Зріст – 176 см</p>
<p>ОГ – 84, ОТ – 63, ОБ – 93</p>","<p>A minimalist loose-fitting midi skirt.<br>Decorated with fine pleats falling from the waistline, creating a lightweight and airy silhouette.<br>A wide waistband accentuates the slenderness of the figure, while a concealed back zipper guarantees a flawless fit.</p>
<p>The premium satin fabric feels exquisite against the skin and possesses a delicate sheen.</p>
<p>The watercolor print in hues of sky and leaves is like a breath of nature, captured in motion.</p>
<p><strong>MODEL'S MEASUREMENTS<br></strong></p>
<p>Height – 176 cm</p>
<p>Bust – 84, Waist – 63, Hips – 93</p>"
857c83b1-e90c-4283-99dc-3c656a6ad748,top-vire,Топ Vire,true,"<div class=""container"">
<div class=""markdown markdown-main-panel stronger enable-updated-hr-color"" id=""model-response-message-contentr_bb08b4f7acf104d8"" aria-live=""polite"" aria-busy=""false"" dir=""ltr"">
<p>Ефектний топ на тонких регульованих бретелях, із виразним бантом, що додає особливого акценту образу !<br>Застібка у вигляді блискавки ззаду забезпечує зручність і надійну посадку.</p>
<p>Преміальна сатинова тканина приємна до тіла й має делікатний блиск.</p>
<p>Ідеальний вибір для літніх вечорів, святкових подій або романтичних прогулянок.</p>
<p><strong>ПАРАМЕТРИ МОДЕЛІ<br></strong></p>
<p>Зріст – 176 см</p>
<p>ОГ – 84, ОТ – 63, ОБ – 93</p>
</div>
</div>","<div class=""container"">
<div class=""markdown markdown-main-panel stronger enable-updated-hr-color"" id=""model-response-message-contentr_bb08b4f7acf104d8"" aria-live=""polite"" aria-busy=""false"" dir=""ltr"">
<p>A striking top on thin adjustable straps, featuring a bold bow that adds a distinctive accent to the look!<br>A back zipper fastening ensures comfort and a secure fit.</p>
<p>The premium satin fabric feels exquisite against the skin and possesses a delicate sheen.</p>
<p>The perfect choice for summer evenings, festive occasions, or romantic strolls.</p>
<p><strong>MODEL'S MEASUREMENTS<br></strong></p>
<p>Height – 176 cm</p>
<p>Bust – 84, Waist – 63, Hips – 93</p>
</div>
</div>"
0f045354-eb54-4958-a056-ae23c82ad979,vire,Vire,true,"<p>Ефектний топ на тонких регульованих бретелях, із виразним бантом, що додає особливого акценту образу !<br>Застібка у вигляді блискавки ззаду забезпечує зручність і надійну посадку.</p>
<p>Лаконічна «midi» вільного крою.<br>Декорована дрібними складками від лінії талії, створюючи легкий і повітряний силует.<br>Стрункість силуету підкреслює широкий пояс, а потаємна блискавка ззаду робить посадку бездоганною.</p>
<p>Преміальна сатинова тканина приємна до тіла й має делікатний блиск.<br>А акварельний принт у відтінках неба й листя — мов подих природи, зафіксований у русі.</p>
<p>Ідеальний вибір для літніх вечорів, святкових подій або романтичних прогулянок.</p>
<p><strong>ПАРАМЕТРИ МОДЕЛІ<br></strong></p>
<p>Зріст – 176 см</p>
<p>ОГ – 84, ОТ – 63, ОБ – 93</p>","<p>A striking top on thin adjustable straps, featuring a bold bow that adds a distinctive accent to the look!<br>A back zipper fastening ensures comfort and a secure fit.</p>
<p>A minimalist loose-fitting midi skirt.<br>Decorated with fine pleats falling from the waistline, creating a lightweight and airy silhouette.<br>A wide waistband accentuates the slenderness of the figure, while a concealed back zipper guarantees a flawless fit.</p>
<p>The premium satin fabric feels exquisite against the skin and possesses a delicate sheen.<br>The watercolor print in hues of sky and leaves is like a breath of nature, captured in motion.</p>
<p>The perfect choice for summer evenings, festive occasions, or romantic strolls.</p>
<p><strong>MODEL'S MEASUREMENTS<br></strong></p>
<p>Height – 176 cm</p>
<p>Bust – 84, Waist – 63, Hips – 93</p>"
0165a427-0023-4146-bc0e-bf9ed3486357,zhaket-grapes-of-grace-black,Жакет Grapes of Grace,true,"<p>Жакет силуетний, з лацканами, структурованими плечима та підкресленою талією.<span class=""Apple-converted-space""><br></span>Защіпки на талії формують витончені складки, які додають динаміки силуету.<br>Розпірки на рукавах створюють легкість та елегантність, підкреслюючи витончену форму.<br>Декорований ручною вишивкою з бісеру та камінців у вигляді виноградного грона та лози, що надає образу вишуканості.<br>Асиметрична застібка спереду додає сучасного характеру.</p>
<p><strong>СКЛАД</strong></p>
<p>бавовна – 30%; віскоза – 65%; еластан – 5%</p>
<p><strong>ПАРАМЕТРИ МОДЕЛІ<br></strong></p>
<p>Зріст – 175 см</p>
<p>ОГ – 88, ОТ – 68, ОБ – 94 (S)</p>","<p>A fitted jacket with lapels, structured shoulders, and an accentuated waist.<span class=""Apple-converted-space""><br></span>Waist darts form elegant pleats that add dynamic movement to the silhouette.<br>Sleeve slits create a sense of lightness and elegance, highlighting the refined shape.<br>Decorated with hand embroidery featuring beads and stones in the shape of a grape cluster and vine, lending the look sophisticated luxury.<br>An asymmetrical front fastening adds a contemporary character.</p>
<p><strong>COMPOSITION</strong></p>
<p>cotton 30%; viscose 65%; elastane 5%</p>
<p><strong>MODEL'S MEASUREMENTS<br></strong></p>
<p>Height – 175 cm</p>
<p>Bust – 88, Waist – 68, Hips – 94 (S)</p>"
ee610b85-a1fb-44c2-a24f-57b846096c22,spidnytsya-pearl,Спідниця  Pearl,true,"<p>Облягаюча міді-спідниця, виконана з мереживної преміальної тканини.<br>Повторює контури тіла, додаючи силуету елегантності.</p>
<p>Застібка — потаємна блискавка позаду спідниці.</p>","<p>A form-fitting midi skirt crafted from premium lace fabric.<br>It traces the contours of the body, adding elegance to the silhouette.</p>
<p>Fastens with a concealed zipper at the back of the skirt.</p>"
509383b2-ce94-4b01-9c6b-7b6b623e43a1,spidnytsya-grace,Спідниця Grace,true,"<p>Міді-спідниця виконана з мереживної преміальної тканини.<br>Зустрічні складки формують об’єм і структурність, зберігаючи водночас м’якість ліній.</p>
<p>Всередині — вшита непрозора підкладка, яка гарантує комфорт і дозволяє зберегти делікатну прозорість верху.</p>
<p>Широкий пояс чітко підкреслює талію, формуючи витончений жіночний силует.<br>Застібка — потаємна блискавка позаду.</p>","<p>The midi skirt is crafted from premium lace fabric.<br>Box pleats create volume and structure while preserving the softness of its lines.</p>
<p>Inside, an integrated opaque lining guarantees comfort while maintaining the delicate transparency of the top layer.</p>
<p>A wide waistband sharply defines the waist, forming a sophisticated feminine silhouette.<br>Fastens with a concealed zipper at the back.</p>"
0e6454af-cc12-4126-b2d4-2861fb8c1250,top-floral,Топ Floral,true,"<p>Лаконічний білий топ, із глибоким декольте, складного крою, у вигляді пелюстків.<br>Виконаний із мереживної преміальної тканини з делікатним квітковим візерунком.<br>Регульовані бретелі та застібка позаду забезпечують ідеальну, комфортну посадку.</p>
<p>Топ вдало стилізує знімний атласний бант, що зав’язується ззаду.<br>Його м’яка рюша спадає по талії, додаючи легкого об’єму й романтики.<br>Бант не пришитий і легко трансформується — його можна носити як окремий аксесуар або зняти для лаконічнішого образу.</p>","<p>A minimalist white top with a deep décolleté, featuring a complex petal-shaped cut.<br>Crafted from premium lace fabric with a delicate floral pattern.<br>Adjustable straps and a back fastening ensure a flawless, comfortable fit.</p>
<p>The top is beautifully styled with a detachable satin bow that ties at the back.<br>Its soft ruffle cascades over the waist, adding gentle volume and romance.<br>The bow is not sewn on and transforms effortlessly—it can be worn as a separate accessory or removed for a more minimalist look.</p>"
2e55186f-ab5d-4c7a-a745-ad5d66b4d6e1,floral-pearl,Floral Pearl,true,"<p>Лаконічний білий топ, із глибоким декольте, складного крою, у вигляді пелюстків.<br>Виконаний із мереживної преміальної тканини з делікатним квітковим візерунком.<br>Регульовані бретелі та застібка позаду забезпечують ідеальну, комфортну посадку.</p>
<p>Облягаюча міді-спідниця з мереживної тканини повторює контури тіла, додаючи силуету елегантності.<br>Застібка — потаємна блискавка позаду спідниці.</p>
<p>Завершує образ знімний атласний бант, що зав’язується ззаду.<br>Його м’яка рюша спадає по талії, додаючи легкого об’єму й романтики.<br>Бант не пришитий і легко трансформується — його можна носити як окремий аксесуар або зняти для лаконічнішого образу.</p>
<p>ВАРТІСТЬ КОСТЮМУ ВКАЗАНО БЕЗ ВАРТОСТІ БАНТА</p>","<p>A minimalist white top with a deep décolleté, featuring a complex petal-shaped cut.<br>Crafted from premium lace fabric with a delicate floral pattern.<br>Adjustable straps and a back fastening ensure a flawless, comfortable fit.</p>
<p>The form-fitting midi skirt in lace traces the contours of the body, adding elegance to the silhouette.<br>Fastens with a concealed zipper at the back of the skirt.</p>
<p>The look is completed by a detachable satin bow that ties at the back.<br>Its soft ruffle cascades over the waist, adding gentle volume and romance.<br>The bow is not sewn on and transforms effortlessly—it can be worn as a separate accessory or removed for a more minimalist look.</p>
<p>THE SUIT PRICE DOES NOT INCLUDE THE BOW</p>"
19a40674-d34f-480e-a56e-cb812198264e,floral-grace,Floral Grace,true,"<div class=""ng-tns-c2897356016-393"">
<section class=""processing-state_container is-gpi-avatar ng-tns-c2897356016-393 ng-trigger ng-trigger-processingStateShowHide ng-star-inserted is-done-processing"" id=""processing-state-45"">
<div class=""processing-state_details is-gpi-avatar ng-trigger ng-trigger-menuExpansion ng-tns-c2897356016-393 ng-star-inserted"" id=""processing-state-45-summary"" aria-hidden=""true""></div>
</section>
</div>
<div class=""response-content ng-tns-c3901716605-392"">
<div class=""container"">
<div class=""markdown markdown-main-panel stronger enable-updated-hr-color"" id=""model-response-message-contentr_60585a856016abc8"" aria-live=""polite"" aria-busy=""false"" dir=""ltr"">
<p>Лаконічний білий топ, із глибоким декольте, складного крою, у вигляді пелюстків.<br>Виконаний із мереживної преміальної тканини з делікатним квітковим візерунком.<br>Регульовані бретелі та застібка позаду забезпечують ідеальну, комфортну посадку.</p>
<p>Міді-спідниця виконана з мереживної преміальної тканини.<br>Зустрічні складки формують об’єм і структурність, зберігаючи водночас м’якість ліній.<br>Всередині — вшита непрозора підкладка, яка гарантує комфорт і дозволяє зберегти делікатну прозорість верху.<br>Широкий пояс чітко підкреслює талію, формуючи витончений жіночний силует.<br>Застібка — потаємна блискавка позаду.</p>
</div>
</div>
</div>","<div class=""ng-tns-c2897356016-393"">
<section class=""processing-state_container is-gpi-avatar ng-tns-c2897356016-393 ng-trigger ng-trigger-processingStateShowHide ng-star-inserted is-done-processing"" id=""processing-state-45"">
<div class=""processing-state_details is-gpi-avatar ng-trigger ng-trigger-menuExpansion ng-tns-c2897356016-393 ng-star-inserted"" id=""processing-state-45-summary"" aria-hidden=""true""></div>
</section>
</div>
<div class=""response-content ng-tns-c3901716605-392"">
<div class=""container"">
<div class=""markdown markdown-main-panel stronger enable-updated-hr-color"" id=""model-response-message-contentr_60585a856016abc8"" aria-live=""polite"" aria-busy=""false"" dir=""ltr"">
<p>A minimalist white top with a deep décolleté, featuring a complex petal-shaped cut.<br>Crafted from premium lace fabric with a delicate floral pattern.<br>Adjustable straps and a back fastening ensure a flawless, comfortable fit.</p>
<p>The midi skirt is crafted from premium lace fabric.<br>Box pleats create volume and structure while preserving the softness of its lines.<br>Inside, an integrated opaque lining guarantees comfort while maintaining the delicate transparency of the top layer.<br>A wide waistband sharply defines the waist, forming a sophisticated feminine silhouette.<br>Fastens with a concealed zipper at the back.</p>
</div>
</div>
</div>"
f1bceaa3-1a93-49d5-903e-3fbddd5e2bb4,zhylet-grapevine-flame,Жилет Grapevine Flame,true,"<div class=""ng-tns-c2897356016-399"">
<section class=""processing-state_container is-gpi-avatar ng-tns-c2897356016-399 ng-trigger ng-trigger-processingStateShowHide ng-star-inserted is-done-processing"" id=""processing-state-46"">
<div class=""processing-state_details is-gpi-avatar ng-trigger ng-trigger-menuExpansion ng-tns-c2897356016-399 ng-star-inserted"" id=""processing-state-46-summary"" aria-hidden=""true""></div>
</section>
</div>
<div class=""response-content ng-tns-c3901716605-398"">
<div class=""container"">
<div class=""markdown markdown-main-panel stronger enable-updated-hr-color"" id=""model-response-message-contentr_e186761d1af7ac7e"" aria-live=""polite"" aria-busy=""false"" dir=""ltr"">
<p>Силуетний жилет, із V-подібним вирізом, підкреслює фігуру завдяки чітким лініям та акуратному приталенню.<br>Декорований двома клапанами спереду.</p>
<p>Родзинка виробу — обгорнена асиметрична застібка та вишивка у вигляді виноградних грон та лози, що ніби обвиває фігуру.</p>
<p><strong>СКЛАД</strong></p>
<p>бавовна-30%; віскоза-65%; еластан-5%</p>
<p><strong>ПАРАМЕТРИ МОДЕЛІ</strong></p>
<p>Зріст – 176 см</p>
<p>ОГ – 84, ОТ – 63, ОБ – 93</p>
</div>
</div>
</div>","<div class=""ng-tns-c2897356016-399"">
<section class=""processing-state_container is-gpi-avatar ng-tns-c2897356016-399 ng-trigger ng-trigger-processingStateShowHide ng-star-inserted is-done-processing"" id=""processing-state-46"">
<div class=""processing-state_details is-gpi-avatar ng-trigger ng-trigger-menuExpansion ng-tns-c2897356016-399 ng-star-inserted"" id=""processing-state-46-summary"" aria-hidden=""true""></div>
</section>
</div>
<div class=""response-content ng-tns-c3901716605-398"">
<div class=""container"">
<div class=""markdown markdown-main-panel stronger enable-updated-hr-color"" id=""model-response-message-contentr_e186761d1af7ac7e"" aria-live=""polite"" aria-busy=""false"" dir=""ltr"">
<p>A fitted vest with a V-neckline that accentuates the figure through its sharp lines and precise tailoring.<br>Decorated with two front flaps.</p>
<p>The highlight of the piece is the wrapped asymmetrical fastening and embroidery depicting grape clusters and vines, seemingly intertwining around the figure.</p>
<p><strong>COMPOSITION</strong></p>
<p>cotton 30%; viscose 65%; elastane 5%</p>
<p><strong>MODEL'S MEASUREMENTS</strong></p>
<p>Height – 176 cm</p>
<p>Bust – 84, Waist – 63, Hips – 93</p>
</div>
</div>
</div>"
c438b2a2-ee0e-4e3a-9a37-1233b15ddffb,grapevine-flame,Grapevine Flame,true,"<p>Силуетний жилет, із V-подібним вирізом, підкреслює фігуру завдяки чітким лініям та акуратному приталенню.<br>Декорований двома клапанами спереду.</p>
<p>Родзинка виробу — обгорнена асиметрична застібка та вишивка у вигляді виноградних грон та лози, що ніби обвиває фігуру.</p>
<p>Червоні прямі брюки з високою посадкою балансують композицію, додаючи образу впевненості та пристрасті.</p>
<p><strong>СКЛАД</strong></p>
<p>бавовна-30%; віскоза-65%; еластан-5%</p>
<p><strong>ПАРАМЕТРИ МОДЕЛІ</strong></p>
<p>Зріст – 176 см</p>
<p>ОГ – 84, ОТ – 63, ОБ – 93</p>","<p>A fitted vest with a V-neckline that accentuates the figure through its sharp lines and precise tailoring.<br>Decorated with two front flaps.</p>
<p>The highlight of the piece is the wrapped asymmetrical fastening and embroidery depicting grape clusters and vines, seemingly intertwining around the figure.</p>
<p>Red straight trousers with a high rise balance the composition, infusing the look with confidence and passion.</p>
<p><strong>COMPOSITION</strong></p>
<p>cotton 30%; viscose 65%; elastane 5%</p>
<p><strong>MODEL'S MEASUREMENTS</strong></p>
<p>Height – 176 cm</p>
<p>Bust – 84, Waist – 63, Hips – 93</p>"
f18e4198-a2d4-4538-9c72-e32837754441,ivory-muse,Ivory Muse,true,"<p>Верх сукні виконаний із однотонної тканини з акцентною планкою спереду, яка додає стриманої графічності.<br>Акуратні вирізи на талії підкреслюють фігуру, забезпечуючи ідеальну посадку й додаючи легкий динамічний акцент.</p>
<p>Низ сукні з принтованої тканини контрастує з лаконічним верхом і гармонійно поєднується з однотонними боковими вставками, що візуально подовжує фігуру.<br>Застібка — потаємна блискавка на спинці.</p>
<p>А дизайнерський галстук – прикраса образу, що надає йому індивідуального шику та неповторності!</p>
<p>ВАРТІСТЬ КОСТЮМУ ВКАЗАНО БЕЗ ВАРТОСТІ ГАЛСТУКА</p>
<p><strong>СКЛАД</strong></p>
<p>віскоза — 95%; еластан — 5%</p>
<p><strong>ПАРАМЕТРИ МОДЕЛІ</strong></p>
<p>Зріст — 176 см</p>
<p>ОГ — 84 см</p>
<p>ОТ — 63 см</p>
<p>ОБ — 93 см</p>","<p>The top of the dress is crafted from solid fabric with an accent front placket, adding understated graphic appeal.<br>Neat waist cutouts accentuate the figure, ensuring a flawless fit and adding a subtle dynamic accent.</p>
<p>The printed fabric skirt contrasts with the minimalist top and harmonizes beautifully with solid side panels, visually elongating the figure.<br>Fastens with a concealed back zipper.</p>
<p>The designer tie serves as a striking adornment, lending the look individual chic and uniqueness!</p>
<p>THE SUIT PRICE DOES NOT INCLUDE THE TIE</p>
<p><strong>COMPOSITION</strong></p>
<p>viscose 95%; elastane 5%</p>
<p><strong>MODEL'S MEASUREMENTS</strong></p>
<p>Height — 176 cm</p>
<p>Bust — 84 cm</p>
<p>Waist — 63 cm</p>
<p>Hips — 93 cm</p>"
29cedc11-2fc2-4ba9-b115-3861f0d0fc1c,ivory-echo,Ivory Echo,true,"<p>Сукня, приталеного силуету, міні довжини.</p>
<p>Верх сукні виконаний із однотонної тканини.<br>Декорований планкою з делікатною смугастою оборкою, та чорними ґудзиками, що додають жіночності й естетики.<br>Акуратні вирізи на талії підкреслюють витончену фігуру та забезпечують ідеальну посадку, додаючи легкий акцент на сучасну архітектуру крою.</p>
<p>Низ сукні виконаний із принтованої тканини та декорований однотонними боковими вставками, що візуально подовжують силует.</p>
<p>Застібка — потаємна блискавка на спинці.</p>
<p><strong>СКЛАД</strong></p>
<p>бавовна-30%; віскоза-65%; еластан-5%</p>
<p><strong>ПАРАМЕТРИ МОДЕЛІ</strong></p>
<p>Зріст – 176 см</p>
<p>ОГ – 84, ОТ – 63, ОБ – 93</p>","<p>A fitted mini dress.</p>
<p>The top of the dress is crafted from solid fabric.<br>Decorated with a placket featuring a delicate striped ruffle and black buttons that add femininity and aesthetic appeal.<br>Neat waist cutouts highlight the refined figure and ensure a flawless fit, adding a subtle accent to the modern architectural cut.</p>
<p>The skirt is crafted from printed fabric and detailed with solid side panels that visually elongate the silhouette.</p>
<p>Fastens with a concealed back zipper.</p>
<p><strong>COMPOSITION</strong></p>
<p>cotton 30%; viscose 65%; elastane 5%</p>
<p><strong>MODEL'S MEASUREMENTS</strong></p>
<p>Height – 176 cm</p>
<p>Bust – 84, Waist – 63, Hips – 93</p>"
090d5d69-95df-4120-b21a-8552836f359d,zhaket-flame-code,Жакет Flame Сode,true,"<p>Жакет силуетний, з лацканами, структурованими плечима та підкресленою талією.<br>Защіпки на талії формують витончені складки, які додають динаміки силуету. Розпірки на рукавах створюють легкість та елегантність, підкреслюючи витончену форму.<br>Асиметрична застібка спереду додає сучасного характеру.<br>А підклада, із геометричним принтом, як графічне послання, закодоване в естетиці.</p>
<p>Стилізований розʼємним авторським коміром, що надає образу елегантної вишуканості!</p>
<p>ВАРТІСТЬ ЖАКЕТУ ВКАЗАНО БЕЗ ВАРТОСТІ КОМІРА</p>
<p><strong>СКЛАД</strong></p>
<p>бавовна-30%; віскоза-65%; еластан-5%</p>
<p><strong>ПАРАМЕТРИ МОДЕЛІ</strong></p>
<p>Зріст – 176 см</p>
<p>ОГ – 84, ОТ – 63, ОБ – 93</p>","<p>A fitted jacket with lapels, structured shoulders, and an accentuated waist.<br>Waist darts form elegant pleats that add dynamic movement to the silhouette. Sleeve slits create a sense of lightness and elegance, highlighting the refined shape.<br>An asymmetrical front fastening adds a contemporary character.<br>The geometric printed lining acts as a graphic message encoded within the aesthetic.</p>
<p>Styled with a detachable signature collar that lends the look elegant refinement!</p>
<p>THE JACKET PRICE DOES NOT INCLUDE THE COLLAR</p>
<p><strong>COMPOSITION</strong></p>
<p>cotton 30%; viscose 65%; elastane 5%</p>
<p><strong>MODEL'S MEASUREMENTS</strong></p>
<p>Height – 176 cm</p>
<p>Bust – 84, Waist – 63, Hips – 93</p>"
815e771b-60dd-4a1d-8e0a-19f4c71dff05,flame-code,Flame Code,true,"<p>Жакет силуетний, з лацканами, структурованими плечима та підкресленою талією.<br>Защіпки на талії формують витончені складки, які додають динаміки силуету. Розпірки на рукавах створюють легкість та елегантність, підкреслюючи витончену форму.<br>Асиметрична застібка спереду додає сучасного характеру.<br>А підклада, із геометричним принтом, як графічне послання, закодоване в естетиці.</p>
<p>Класичні брюки прямого крою, з<span class=""Apple-converted-space""> <span> </span></span>високою посадкою, що видовжують<span class=""Apple-converted-space""> <span> </span></span>силует та надають елегантності!<br>Оздоблені декоративними швами по канту штанів!</p>
<p>А розʼємний авторський комір, у вигляді «витончених крил дракона», із рельєфами, що оздоблені декоративними швами – це прикраса, що надає образу елегантної вишуканості!</p>
<p>ВАРТІСТЬ КОСТЮМУ ВКАЗАНО БЕЗ ВАРТОСТІ КОМІРА</p>
<p><strong>СКЛАД</strong></p>
<p>бавовна-30%; віскоза-65%; еластан-5%</p>
<p><strong>ПАРАМЕТРИ МОДЕЛІ</strong></p>
<p>Зріст – 176 см</p>
<p>ОГ – 84, ОТ – 63, ОБ – 93</p>","<p>A fitted jacket with lapels, structured shoulders, and an accentuated waist.<br>Waist darts form elegant pleats that add dynamic movement to the silhouette. Sleeve slits create a sense of lightness and elegance, highlighting the refined shape.<br>An asymmetrical front fastening adds a contemporary character.<br>The geometric printed lining acts as a graphic message encoded within the aesthetic.</p>
<p>Classic straight-cut high-waisted trousers<span class=""Apple-converted-space""> <span> </span></span>that elongate<span class=""Apple-converted-space""> <span> </span></span>the silhouette and add an air of elegance!<br>Adorned with decorative edge stitching along the trousers!</p>
<p>The detachable signature collar, shaped like ""refined dragon wings"" featuring princess seams and decorative topstitching, is an adornment that lends the look elegant refinement!</p>
<p>THE SUIT PRICE DOES NOT INCLUDE THE COLLAR</p>
<p><strong>COMPOSITION</strong></p>
<p>cotton 30%; viscose 65%; elastane 5%</p>
<p><strong>MODEL'S MEASUREMENTS</strong></p>
<p>Height – 176 cm</p>
<p>Bust – 84, Waist – 63, Hips – 93</p>"
ac197b92-f194-4b4e-b68e-4253c2ca0b03,manizhka-z-vyshyvkoyu-silent-bloom,Маніжка з вишивкою Silent Bloom,true,"<p>Дизайнерська маніжка, із ручною оздобою бісером та камінцями, у вигляді «виноградних грон», надає кожному образу символізму, шляхетності та артистичної виразності.</p>
<p>Доповнена елегантним комірцем, додаючи образам нот аристократизму!</p>
<p><em><strong>В примітках до замовлення потрібно вказати обхват шиї!</strong></em></p>","<p>A designer detachable collar, embellished by hand with beads and stones in the shape of ""grape clusters,"" infusing any look with symbolism, nobility, and artistic expression.</p>
<p>Complemented by an elegant collar piece, adding notes of aristocracy to your outfits!</p>
<p><em><strong>Please specify your neck circumference in the order notes!</strong></em></p>"
dcd73787-67c2-48fa-9e76-636a53f9d45a,silent-bloom,Silent Bloom,true,"<p>Верх костюму у вигляді корсету, що підкреслює талію та плавну лінію грудей.<br>Від талії — м’яке розкльошення у стилі баски, що додає силуету витонченості та динаміки.<br>Позаду — потаємна блискавка, що забезпечує ідеальну посадку виробу.</p>
<p>Штани-кльош, з високою посадкою.<br>Візуально видовжують силует та додають елегантності.</p>
<p>А дизайнерська маніжка, з елементами ручної бісерної вишивки у вигляді виноградних грон, надає образу символізму, шляхетності та артистичної виразності.</p>
<p>ВАРТІСТЬ КОСТЮМУ ВКАЗАНО БЕЗ ВАРТОСТІ МАНІЖКИ</p>
<p><strong>СКЛАД</strong></p>
<p>бавовна-30%; віскоза-65%; еластан-5%</p>
<p><strong>ПАРАМЕТРИ МОДЕЛІ</strong></p>
<p>Зріст – 176 см</p>
<p>ОГ – 84, ОТ – 63, ОБ – 93</p>","<p>The top of the suit is designed as a corset that accentuates the waist and the smooth line of the bust.<br>From the waistline, a soft basque-style flare adds refinement and dynamics to the silhouette.<br>Finished with a concealed back zipper ensuring a flawless fit.</p>
<p>High-waisted flared trousers.<br>They visually elongate the silhouette and add an air of elegance.</p>
<p>The designer detachable collar, featuring elements of hand-embroidered beading in the shape of grape clusters, infuses the look with symbolism, nobility, and artistic expression.</p>
<p>THE SUIT PRICE DOES NOT INCLUDE THE DETACHABLE COLLAR</p>
<p><strong>COMPOSITION</strong></p>
<p>cotton 30%; viscose 65%; elastane 5%</p>
<p><strong>MODEL'S MEASUREMENTS</strong></p>
<p>Height – 176 cm</p>
<p>Bust – 84, Waist – 63, Hips – 93</p>"
32b31b12-26b8-4c74-84e9-023f865efc58,vinea,Vinea,true,"<div class=""ng-tns-c2897356016-71"">
<section class=""processing-state_container is-gpi-avatar ng-tns-c2897356016-71 ng-trigger ng-trigger-processingStateShowHide ng-star-inserted is-done-processing"" id=""processing-state-3"">
<div class=""processing-state_details is-gpi-avatar ng-trigger ng-trigger-menuExpansion ng-tns-c2897356016-71 ng-star-inserted"" id=""processing-state-3-summary"" aria-hidden=""true""></div>
</section>
</div>
<div class=""response-content ng-tns-c3901716605-70"">
<div class=""container"">
<div class=""markdown markdown-main-panel stronger enable-updated-hr-color"" id=""model-response-message-contentr_c02108bf822b9cf6"" aria-live=""polite"" aria-busy=""false"" dir=""ltr"">
<p>Сукня, приталеного силуету, із сатинової тканини, в авторський принт «Виноград»</p>
<p>Верх, виконаний із однотонної тканини та підкреслений скульптурним комірцем, із принтом.<br>Акуратні розрізи на талії підкреслюють витончену фігуру та забезпечують ідеальну посадку.</p>
<p>Низ сукні, декорований вставками з обох боків, що створюють гармонійний силует, підкреслюючи жіночні форми.</p>
<p>Застібка на потаємну блискавку, позаду сукні.</p>
<p><strong>ПАРАМЕТРИ МОДЕЛІ<span class=""Apple-converted-space""> </span></strong></p>
<p>Зріст – 176 см</p>
<p>ОГ – 84, ОТ – 63, ОБ – 93</p>
<p><strong>Довжина сукні від талії</strong><span> </span>– 104 см</p>
</div>
</div>
</div>","<div class=""ng-tns-c2897356016-71"">
<section class=""processing-state_container is-gpi-avatar ng-tns-c2897356016-71 ng-trigger ng-trigger-processingStateShowHide ng-star-inserted is-done-processing"" id=""processing-state-3"">
<div class=""processing-state_details is-gpi-avatar ng-trigger ng-trigger-menuExpansion ng-tns-c2897356016-71 ng-star-inserted"" id=""processing-state-3-summary"" aria-hidden=""true""></div>
</section>
</div>
<div class=""response-content ng-tns-c3901716605-70"">
<div class=""container"">
<div class=""markdown markdown-main-panel stronger enable-updated-hr-color"" id=""model-response-message-contentr_c02108bf822b9cf6"" aria-live=""polite"" aria-busy=""false"" dir=""ltr"">
<p>A fitted dress crafted from satin fabric featuring the signature ""Grapevine"" print.</p>
<p>The top is made of solid fabric and accentuated by a sculptural printed collar.<br>Neat waist cutouts highlight the refined figure and ensure a flawless fit.</p>
<p>The skirt is decorated with side inserts that create a harmonious silhouette, emphasizing feminine curves.</p>
<p>Fastens with a concealed zipper at the back.</p>
<p><strong>MODEL'S MEASUREMENTS<span class=""Apple-converted-space""> </span></strong></p>
<p>Height – 176 cm</p>
<p>Bust – 84, Waist – 63, Hips – 93</p>
<p><strong>Skirt length from waist</strong><span> </span>– 104 cm</p>
</div>
</div>
</div>"
bb51ad0c-f641-4d30-8c4a-6d7c69e94038,vine-grace,Vine Grace,true,"<div class=""ng-tns-c2897356016-77"">
<section class=""processing-state_container is-gpi-avatar ng-tns-c2897356016-77 ng-trigger ng-trigger-processingStateShowHide ng-star-inserted is-done-processing"" id=""processing-state-4"">
<div class=""processing-state_details is-gpi-avatar ng-trigger ng-trigger-menuExpansion ng-tns-c2897356016-77 ng-star-inserted"" id=""processing-state-4-summary"" aria-hidden=""true"">
<p>Сукня, приталеного силуету, із сатинової тканини, в авторський принт «Виноград»</p>
<p>Глибоке декольте, складного крою, у вигляді пелюстків, підкреслене оксамитовою вставкою на талії, що надає текстурної глибини образу.<br>Оксамитова спинка візуально акцентує витончену лінію плечей та спини.<br>Регульовані бретелі забезпечують комфорт та ідеальну посадку.</p>
<p>Низ сукні, міді-довжини, декорований вставками з обох боків, створюючи динаміку та легкість руху.<br>Застібка на потаємну блискавку — позаду.</p>
<p><strong>ПАРАМЕТРИ МОДЕЛІ</strong></p>
<p>Зріст – 176 см</p>
<p>ОГ – 84, ОТ – 63, ОБ – 93</p>
<p><strong>Довжина сукні від талії</strong><span> </span>– 80 см</p>
</div>
</section>
</div>","<div class=""ng-tns-c2897356016-77"">
<section class=""processing-state_container is-gpi-avatar ng-tns-c2897356016-77 ng-trigger ng-trigger-processingStateShowHide ng-star-inserted is-done-processing"" id=""processing-state-4"">
<div class=""processing-state_details is-gpi-avatar ng-trigger ng-trigger-menuExpansion ng-tns-c2897356016-77 ng-star-inserted"" id=""processing-state-4-summary"" aria-hidden=""true"">
<p>A fitted dress crafted from satin fabric featuring the signature ""Grapevine"" print.</p>
<p>A deep, complex petal-shaped décolleté is highlighted by a velvet waist insert that adds textural depth to the look.<br>The velvet back visually accentuates the refined line of the shoulders and back.<br>Adjustable straps ensure comfort and a flawless fit.</p>
<p>The midi-length skirt is decorated with side inserts, creating dynamic and airy movement.<br>Fastens with a concealed back zipper.</p>
<p><strong>MODEL'S MEASUREMENTS</strong></p>
<p>Height – 176 cm</p>
<p>Bust – 84, Waist – 63, Hips – 93</p>
<p><strong>Skirt length from waist</strong><span> </span>– 80 cm</p>
</div>
</section>
</div>"
f415a904-a0ea-4907-97a0-20c3c23d2403,zhaket-elegant,Жакет Elegant,true,"<p>Силуетний жакет із глибоким фігурним вирізом, об’ємними рукавами та акцентованою лінією талії.<br>Декорований двома клапанами з обох боків.<br>Застібка на ґудзики з навісними метеликами.</p>
<p><strong>СКЛАД</strong></p>
<p>бавовна – 30%; віскоза – 65%; еластан – 5%</p>
<p><strong>ПАРАМЕТРИ МОДЕЛІ</strong></p>
<p>Зріст – 175 см</p>
<p>ОГ-88, ОТ-68, Об-94 (s)</p>","<p>A fitted jacket with a deep shaped neckline, voluminous sleeves, and an accentuated waistline.<br>Decorated with two side flaps.<br>Button fastening with butterfly loop closures.</p>
<p><strong>COMPOSITION</strong></p>
<p>cotton 30%; viscose 65%; elastane 5%</p>
<p><strong>MODEL'S MEASUREMENTS</strong></p>
<p>Height – 175 cm</p>
<p>Bust – 88, Waist – 68, Hips – 94 (S)</p>"
7e143f62-c9ec-48d6-845a-076813f47801,spidnytsya-vine-whispers,Спідниця Vine Whispers,true,"<p>Довга спідниця на поясі, вільного крою.<br>З обох боків — асиметричні вставки, які надають динаміки та складної фактурності при русі.<br>Застібається на потаємну блискавку ззаду.</p>
<p>Головний акцент — авторський принт «Виноград», виконаний із преміального сатину та розроблений спеціально для колекції.<span class=""Apple-converted-space""> </span></p>
<p><strong>ПАРАМЕТРИ МОДЕЛІ</strong></p>
<p>Зріст – 175 см</p>
<p>ОГ – 88, ОТ – 68, ОБ – 94 (S)</p>","<p>A long, loose-fitting skirt with a waistband.<br>On both sides—asymmetrical inserts that grant dynamics and complex texturing in motion.<br>Fastens with a concealed back zipper.</p>
<p>The main focal point is the signature ""Grapevine"" print, executed on premium satin and developed exclusively for the collection.<span class=""Apple-converted-space""> </span></p>
<p><strong>MODEL'S MEASUREMENTS</strong></p>
<p>Height – 175 cm</p>
<p>Bust – 88, Waist – 68, Hips – 94 (S)</p>"
92f3ab95-aca1-4015-8ba9-4a37c51d4286,zhaket-vine-whispers,Жакет Vine Whispers,true,"<p>Жакет силуетний, з округлою горловиною, обʼємними рукавами та підкресленою талією.<br>Декорований оксамитовим окантуванням по горловині, вздовж планки та по низу.<br>Застібка спереду, у вигляді оксамитових ґудзиків з навісними метеликами.</p>
<p>Головний акцент — авторський принт «Виноград», виконаний із преміального сатину та розроблений спеціально для колекції.</p>
<p><strong>ПАРАМЕТРИ МОДЕЛІ</strong></p>
<p>Зріст – 175 см</p>
<p>ОГ – 88, ОТ – 68, ОБ – 94 (S)</p>","<p>A fitted jacket with a round neckline, voluminous sleeves, and an accentuated waist.<br>Decorated with velvet piping along the neckline, placket, and hem.<br>Front fastening featuring velvet buttons with butterfly loop closures.</p>
<p>The main focal point is the signature ""Grapevine"" print, executed on premium satin and developed exclusively for the collection.</p>
<p><strong>MODEL'S MEASUREMENTS</strong></p>
<p>Height – 175 cm</p>
<p>Bust – 88, Waist – 68, Hips – 94 (S)</p>"
d18da68c-fc39-4954-8fa9-c47b0d3596b0,zhylet-royal-harvest,Жилет Royal Harvest,true,"<p>Силуетний жилет, із глибоким вирізом та застібкою спереду.<br>Оздоблений ручною вишивкою з бісеру та камінців, у вигляді виноградного грона та лози, що додає виробу преміальності та унікальності.</p>
<p><strong>СКЛАД</strong></p>
<p>бавовна-30%; віскоза-65%; еластан-5%</p>
<p><strong>ПАРАМЕТРИ МОДЕЛІ</strong></p>
<p>Зріст – 175 см</p>
<p>ОГ-88, ОТ-68, Об-94 (s)</p>","<p>A fitted vest with a deep neckline and a front fastening.<br>Adorned with hand embroidery featuring beads and stones in the shape of a grape cluster and vine, adding premium quality and uniqueness to the garment.</p>
<p><strong>COMPOSITION</strong></p>
<p>cotton 30%; viscose 65%; elastane 5%</p>
<p><strong>MODEL'S MEASUREMENTS</strong></p>
<p>Height – 175 cm</p>
<p>Bust – 88, Waist – 68, Hips – 94 (S)</p>"
5f06cd69-abf9-408f-a81a-59a14d72bf33,shtany-luxe-latice,Штани Luxe Latice,true,"<p>Штани-кльош, з високою посадкою.<br>Візуально видовжують силует та додають елегантності.</p>
<p><strong>СКЛАД</strong></p>
<p>бавовна-30%; віскоза-65%; еластан-5%</p>
<p><strong>ПАРАМЕТРИ МОДЕЛІ</strong></p>
<p>Зріст – 175 см</p>
<p>ОГ – 88, ОТ – 68, Об – 94 (S)</p>","<p>High-waisted flared trousers.<br>They visually elongate the silhouette and add an air of elegance.</p>
<p><strong>COMPOSITION</strong></p>
<p>cotton 30%; viscose 65%; elastane 5%</p>
<p><strong>MODEL'S MEASUREMENTS</strong></p>
<p>Height – 175 cm</p>
<p>Bust – 88, Waist – 68, Hips – 94 (S)</p>"
3cfbdec8-e02f-42e1-8c14-fbea7a0c7224,zhaket-luxe-latice,Жакет Luxe Latice,true,"<p>Жакет, приталеного крою, з обʼємними рукавами та підкресленою талією.<br>Декорований оксамитовим окантуванням, вздовж планки.<br>Застібка спереду, у вигляді оксамитових ґудзиків з навісними метеликами.</p>
<p>Стилізований дизайнерським відкладним коміром, з ручною вишивкою, у вигляді виноградних грон, що додає образу вишуканої автентичності.</p>
<p>ВАРТІСТЬ ЖАКЕТУ ВКАЗАНО БЕЗ ВАРТОСТІ КОМІРА</p>
<p>КОМІР МОЖНА ПРИДБАТИ В КАТЕГОРІЇ «<em>АКСЕСУАРИ</em>»</p>
<p><strong>СКЛАД</strong></p>
<p>бавовна-30%; віскоза-65%; еластан-5%</p>
<p><strong>ПАРАМЕТРИ МОДЕЛІ</strong></p>
<p>Зріст – 175 см</p>
<p>ОГ – 88, ОТ – 68, Об – 94 (S)</p>","<p>A fitted jacket featuring voluminous sleeves and an accentuated waist.<br>Decorated with velvet piping along the placket.<br>Front fastening with velvet buttons and butterfly loop closures.</p>
<p>Styled with a designer turn-down collar featuring hand embroidery in the shape of grape clusters, adding refined authenticity to the look.</p>
<p>THE JACKET PRICE DOES NOT INCLUDE THE COLLAR</p>
<p>THE COLLAR CAN BE PURCHASED IN THE ""<em>ACCESSORIES</em>"" CATEGORY</p>
<p><strong>COMPOSITION</strong></p>
<p>cotton 30%; viscose 65%; elastane 5%</p>
<p><strong>MODEL'S MEASUREMENTS</strong></p>
<p>Height – 175 cm</p>
<p>Bust – 88, Waist – 68, Hips – 94 (S)</p>"
b1c41544-48f2-4b70-9bcf-08ebf5843ac3,spidnytsya-velvet-riverie,Спідниця Velvet Riverie,true,"<p>Спідниця-годе в авторський принт «Виноград»</p>
<p>Облягаючий крій акцентує силует, а волани внизу, із окантуванням, створюють динаміку руху.<br>Контраст текстур і граційні лінії принта підкреслюють ексклюзивність моделі.<br>Застібка на потаємну блискавку, позаду спідниці.</p>
<p><strong>ПАРАМЕТРИ МОДЕЛІ</strong></p>
<p>Зріст – 175 см</p>
<p>ОГ-88, ОТ-68, Об-94 (s)</p>","<p>A godet skirt featuring the signature ""Grapevine"" print.</p>
<p>The form-fitting cut accentuates the silhouette, while the piped flounces at the hem create dynamic movement.<br>The contrast of textures and graceful lines of the print highlight the exclusivity of the piece.<br>Fastens with a concealed zipper at the back.</p>
<p><strong>MODEL'S MEASUREMENTS</strong></p>
<p>Height – 175 cm</p>
<p>Bust – 88, Waist – 68, Hips – 94 (S)</p>"
0d61fccf-fe00-4e51-af44-07f06d817276,zhaket-velvet-riverie,Жакет Velvet Riverie,true,"<p>Силуетний жакет із глибоким фігурним вирізом, об’ємними рукавами та акцентованою лінією талії.<br>Виконаний із преміального оксамиту, що додає образу глибини та шляхетності.<br>Декорований двома клапанами по боках, що виконані із сатиновоі тканини в авторський принт.<br>Застібка на ґудзики з навісними метеликами.</p>
<p><strong>ПАРАМЕТРИ МОДЕЛІ</strong></p>
<p>Зріст – 175 см</p>
<p>ОГ-88, ОТ-68, Об-94 (s)</p>","<p>A fitted jacket with a deep shaped neckline, voluminous sleeves, and an accentuated waistline.<br>Crafted from premium velvet, adding depth and nobility to the look.<br>Decorated with two side flaps crafted from satin fabric featuring the signature print.<br>Button fastening with butterfly loop closures.</p>
<p><strong>MODEL'S MEASUREMENTS</strong></p>
<p>Height – 175 cm</p>
<p>Bust – 88, Waist – 68, Hips – 94 (S)</p>"
66524017-1222-4d45-baf6-9fbb5acc27d7,spidnytsya-ivory-cascade,Спідниця Ivory Cascade,true,"<p>Восьмиклинка спідниця приталеного силуету.<br>Складається з вісім частин та створює плавний, граційний образ.<br>Застібається на потаємну блискавку ззаду, підкреслюючи витонченість і мінімалізм.</p>
<p><strong>СКЛАД</strong></p>
<p>бавовна-30%; віскоза-65%; еластан-5%</p>
<p><strong>ПАРАМЕТРИ МОДЕЛІ</strong></p>
<p>Зріст – 175 см</p>
<p>ОГ – 88, ОТ – 68, ОБ – 94 (S)</p>","<p>An eight-gore skirt with a fitted silhouette.<br>Composed of eight panels, it creates a smooth, graceful look.<br>Fastens with a concealed back zipper, highlighting refinement and minimalism.</p>
<p><strong>COMPOSITION</strong></p>
<p>cotton 30%; viscose 65%; elastane 5%</p>
<p><strong>MODEL'S MEASUREMENTS</strong></p>
<p>Height – 175 cm</p>
<p>Bust – 88, Waist – 68, Hips – 94 (S)</p>"
35e082e6-fc53-417a-b8f4-919b0dced2dd,zhaket-ivory-cascade,Жакет Ivory Cascade,true,"<p>Жакет силуетний, з округлою горловиною, обʼємними рукавами та підкресленою талією.<br>Декорований ручною вишивкою з бісеру та камінців, у вигляді грона та виноградної лози.<br>Застібка спереду, у вигляді ґудзиків з навісними метеликами.</p>
<p><strong>СКЛАД</strong></p>
<p>бавовна-30%; віскоза-65%; еластан-5%</p>
<p><strong>ПАРАМЕТРИ МОДЕЛІ</strong></p>
<p>Зріст – 175 см</p>
<p>ОГ – 88, ОТ – 68, ОБ – 94 (S)</p>","<p>A fitted jacket with a round neckline, voluminous sleeves, and an accentuated waist.<br>Adorned with hand embroidery featuring beads and stones in the shape of a grape cluster and vine.<br>Front button fastening with butterfly loop closures.</p>
<p><strong>COMPOSITION</strong></p>
<p>cotton 30%; viscose 65%; elastane 5%</p>
<p><strong>MODEL'S MEASUREMENTS</strong></p>
<p>Height – 175 cm</p>
<p>Bust – 88, Waist – 68, Hips – 94 (S)</p>"
6d5e143f-bf03-4980-9298-089b89e2bc3e,zhaket-majestic-poise,Жакет Majestic Poise,true,"<p data-path-to-node=""1"">Жакет Majestic Poise — це поєднання строгого тейлорингу та ювелірної ручної роботи. Модель приталеного силуету з акцентованими рукавами-ліхтариками виконана у глибокому чорному кольорі. Краї борту та лінія горловини оздоблені м'яким оксамитовим кантом, що додає виробу фактурності.</p>
<p data-path-to-node=""2"">Головним елементом дизайну є складна авторська вишивка на пілочках. Кетяги ягід, майстерно викладені кристалами та бісером у золотистих і димчастих відтінках, створюють ефект коштовної інкрустації. Тонкі графічні лінії лози та контурне зображення листка додають композиції динаміки, візуально витягуючи силует.</p>
<p data-path-to-node=""3"">Жакет має приховану застібку, що дозволяє зберегти чистоту ліній та сфокусувати увагу на декорі. Це самодостатня річ для створення статусних вечірніх образів у поєднанні зі спідницями максі або класичними штанами.</p>","<p data-path-to-node=""1"">The Majestic Poise jacket is a fusion of rigorous tailoring and jewel-like handcrafting. The fitted silhouette featuring bold lantern sleeves is executed in deep black. The lapel edges and neckline are trimmed with soft velvet piping, adding textural richness to the piece.</p>
<p data-path-to-node=""2"">The central design element is the intricate signature embroidery on the front panels. Grape clusters, masterfully laid out with crystals and beads in gold and smoky hues, create the effect of a precious inlay. Fine graphic vine lines and a contoured leaf rendering add dynamics to the composition, visually elongating the silhouette.</p>
<p data-path-to-node=""3"">The jacket features a concealed fastening, preserving the purity of lines and focusing attention on the decor. It is a standalone piece perfect for creating prestigious evening looks when paired with maxi skirts or classic trousers.</p>"
ec827268-c7df-479e-ad6c-51dc3868e441,grono,Grono,true,"<p data-path-to-node=""1"">Сукня Grono — це поєднання монументального силуету та делікатної ручної роботи. Модель виконана у чистому молочно-білому кольорі з щільного матеріалу, що формує бездоганну лінію фігури.</p>
<p data-path-to-node=""2"">Головним акцентом є розкльошені рукави-кімоно екстремального об'єму, які створюють ефектний візуальний шлейф при кожному русі. Передню частину ліфа та рукави прикрашає авторська вишивка: стилізовані кетяги ягід та витончена лоза, виконані кристалами й бісером у стриманій димчастій гамі. Складний декор додає виробу фактурності та вечірнього блиску.</p>
<p data-path-to-node=""3"">Сукня має лаконічний виріз горловини та прихований замок на спині, що дозволяє сфокусувати увагу на архітектурних рукавах. Це знаковий образ для особливих подій, що поєднує етнічні мотиви з високою модою.</p>","<p data-path-to-node=""1"">The Grono dress is a fusion of a monumental silhouette and delicate handcrafting. Executed in a pure milky-white hue from dense fabric, the model forms a flawless body line.</p>
<p data-path-to-node=""2"">The main accent lies in the extremely voluminous flared kimono sleeves, which create a striking visual trail with every movement. The front bodice and sleeves are adorned with signature embroidery: stylized berry clusters and refined vines crafted from crystals and beads in a muted smoky palette. The intricate decor adds textural depth and evening brilliance to the garment.</p>
<p data-path-to-node=""3"">The dress features a minimalist neckline and a concealed back zipper, allowing focus to remain on the architectural sleeves. This is a signature look for special occasions, masterfully blending ethnic motifs with haute couture.</p>"
